61LtVmmkGr8P9I2tSPvdpf,1uf32kARg3zTaLv10axVY4,0v3UtnKA7osttihnSvgwWp,4hbWEG7zWXWXESzNbKq1AJ,4em59MKsAXk5r8XDfAreab,14WWzenpaEgQZlqPq2nk4v,52HjbwSaC6fhChoKGWohWA,03XwnKr4R5m6B0oniEl7Fh,3jVtllWS5CFFWLQng8sKsr,0GmhAVyyHwaX6jfCbPmaoB,1PMOs9iQL3EdfnmXJbtJPt
0zMzyHAeMvwq5CRstru1Fp,06L1apH8kLF47dbhZ4Zg9A,5geXEB3LcpH56Ia5empKts,4sAFCXuxWDTrAnCs4JWCbZ,5cDNs4utoHt0WNRZuziews,1aTsRBXznPlSQrdSZNfVNO,6CugJPQTUEnrdvBvCm2Luu,2ydJOlGtU6ABq7tJNDhh8V,5yy2A9F7bfvlVFxnVvlLu4,3x0wrx7Bd7hXNmXSdj0WFU,5uBK8Ap1BCEc4GgMcEjeic
5ChkMS8OtdzJeqyybCc9R5,4rIz1mOBHqIo6Mk7DzuoPs,28ZsYFeotf6xqFVEZ3Oufb,1lx9jUQegbhaFUWNhM7O6q,37NZqOoR0dw71kbDCRnsKc,5bcTCxgc7xVfSaMV3RuVke,0iZDOh6csB9eqE1ovxuG0A,4BRnDHhEBlGT1pedGlC3Dy,2ndnVdR8si7CW9T8vJRHyW,0lzTfUVk6t0dkxb7j4t0Jt,3ZnT4SBDH3XKZhamiNCY7t
3ilP10l2Xx0Qfk1YAaTR4C,3AEGfbYPVdqYuL6aWwVrZi,3eDk8vNTpDnoso8D2qmYFi,7sWdGtYvzlzuQRAoZ7fGeO,6yjgV4alN5E6V9H7DMMzTQ,7jj6o3lW66ExL8O4bo4RIm,2lgzFaeFCQ2H8jpgO6u5ue,2Bz7wNLTVOoeVdjqkMgz2b,0GRlBzZQTBTadVwZeycIk7,4cROwMEQna9GgrAcR64io3,0pn8eHCvZsBAF9Y9wfv4rt
2qYsSHsYkihWx043HVJQRV,6pwYi8JStPRDK7bk2qul9w,3Fj0kFYBxXczSDzhiQnsqq,3c9WJhG3QvTtHmwKb5wz3i,7scNJauOXW4arQWbcsA23l,5Hz6aGrZZizNBoJ6kE6Rqi,3VA8T3rNy5V24AXxNK5u9E,411Hvulc0PrGQLOHljTYed,0dto0Fo1FOs0SuN9Be8Zd6,5caW5J7nrK4Mtu6cZiBxUk,2BDezBbu4gY2HYp5n1ruuC
7JBnzN2y2Wund2xmkZCIJi,5zfg3qZOcjS4IFhazNk9PW,06ZvM9JKoDz49b8TapaXlZ,0JoDMMM0TWFXoKr6VmJMan,6qn9YLKt13AGvpq9jfO8py,5NOeFIhAu7gT5y89zaecjj,2ikkgfIIM9kGKZCXzXnTpj,6CWIKEpJJjxLmcGhD8DN3T,2r3YsK5xbKf6N4Kf4BwkZo,3V6JMl5M8b1agcuoqDZfXt,7qxjGHW485TL8ciwkHD5MK
7129iqBafaphfc3WPCGC0L,6ziUdIRzZgeraVp3eW03rF,39RWgrQOBCLQH88wy0TBm9,7HKrDkHd5kPARX4O7Su70O,09jga2uYq9LBXi89xG7Ws9,5zE5zhWvojNJyGu9UDFHMV,1vS1Rd10oLbmggo9GwOswt,5PAxUWPI4gyOuu4XhneRJU,5UDYsy6G4toYTl58DtDV7F,4TaNA90m8e91sVNnEnUOQP,5FbG69f2l6nPjGhQXfvAz2
1L94M3KIu7QluZe63g64rv,7HV1DzkWZ9XIA5cL4nQUfi,70VrWPH6zGFiwHYctSNa0V,6SF1XuUbqqd7zTkP8jGTP9,1JpYkB4KCXJt0o8RsyPjEh,4qg3XS8ruVCTTp1giXTkXy,47zSqlyq2BOnpUjkm1qv4C,7AO4s8JNghQL28FxoZ37wb,1LHE8cxWt7SVCitinqEhyl,7Gjz9hnR8IlQvptOxZzygX,1i4OEXA2y6ktipYkKvup00
74XzT6sJuCIw0Py539SNQR,1Db7Wb6zv52bo0zofQ6V8x,4vHUtw7dbHNuYMUTIBwRZI,7mlru6dl1rYsSBRDU7DGcV,2yi7HZrBOC4bMUSTcs4VK6,1tMI4Ky3S64QPd6sn8g884,4P75K3ruHef0eP6GSJkncx,52VwZsyzyFaQEAwTYMH479,76PVRfgMgF4nVtQFgDuB1R,2bBQg0zLuhXcVvqSSriawP,0zTSmiDzVkIPUPjsHcUWpe
61dXuN3VyqGOyOeMfJXIPh,4nOKwZf1XRw2gI4FGAGhXf,5IF0kHyOft9KlNzS35P0l5,4SlMRlPLJzWFaTcmkMSiJN,4i0bvKEhJI5MUCD0dGjIV1,5kXioaxxQcd69PydTjWzOD,5Spjpne6Of1zxBpqcZHZIf,25SSf8YWZxkVojjwIABRFP,2k6dsdRhd77xnKTBPaGWqJ,1g20yZvyvjF7XAEXY62wMu,1EzzqSuy7osW76cTIP8nx6
3gbBpTdY8lnQwqxNCcf795,3NMiI204eeNAEdaQuTgD3m,7lgA34nFXxjqQgyLkPUcLv,4sQxQqYJqxkUfXBesV42hf,6sLGL868ghdFnFPgQJ3vJE,0zjoHXeNiApaoXLy7tsVp3,3h7EzysNQZhm9SlpuTlVOP,2Jw3pQTzrbBItF1iFgc1fC,2xKBCHQ34Eq9iuWHSO4BIj,3tHPjLBakLS48aumhFpJMt,0P9szmNaMac5DS9JFTAtMq
5L0KDoZklMgs9GPoonneEl,4ejtrks9KfRe7keI7FRIPc,4tguMbFXEU5A8spKgPIkUN,35vHyGMcAZdJaPKBjUbTTe,4ZZ3ZDXk4jozaYfmcHIfl6,08hSrlU5nHwGsqe6bHenHN,3xUUTb9OpgHDLsG4oB8t59,2Wk2J4MmQvKr7kMmDXceIq,0JSjUt6FBuqzkZBhdDJA7w,2gGQAKdIoKOkuqCcbVYNyo,1H1oNZPJXvU7sVVPOp8abp
1CnPYaKxTVb4LWOtiGOm0m,0AN91FSgGw0nmOVcpD9q7l,52ZAsLhFwhCZsExUpSdG5H,3eR23VReFzcdmS7TYCrhCe,1Fwgvx20WDVnvXKXKwHaQa,5G9qKplB5e4lIpSncwKWVE,69leJlFrOJAC5FFVr9KhfV,4s2mlJteYVT9n6tJMhZG6f,3OJ0qtEbfXrqSWizwfKkaZ,72iAaOAsrBYa4U0VV7cHFd,1gWyfdndP9uUPRdKnTsJxx
6WjmPTZKeDylStKmGHLcqQ,3WoqdAbHoSb3uoBsmvH0g2,1t3j9BDbZJcw0oCH13m3L8,2SjivxVRGYBDW1AvLm2pKX,7LqfLfRDpJQkr5LHtPMLql,3t0J8vI9StQD8KIBkT2Cp5,1OaKrd3kWUOrltf6hoTZjk,6WbADFqMvR8N5u0BvtsWQE,1hPSnQSlq5Erk9GvPl07rR,4rdI2x0qOFyFu0vWwaelFO,3b0BEtQ7qAWGJ1ueivzuAU
5hheGdf1cb4rK0FNiedCfK,4tUma2etb9HVEHTeIdJjl3,2Qhsbwtmlxm4Dna2MoimwH,1XBPMfQIHnrNCJwjlpFkFQ,0FUpOnAEZ3WgolsVpIEj2h,4ORXSxr4tV5H6gH5KHAiAh,7ixZRwMBlfDiE4N1Fz6HAK,0IebF3yDXM6KJX1xhMkdoe,1AlT3XOJqdBIUmPBCv8dFD,4XEvl1bOlgslzaoAswDIhd,0fwdI5mBCHeMcpkvgqlQIs
2qOm7ukLyHUXWyR4ZWLwxA,3THTZMkVV2onr7xM5yb6WZ,2Shu0lEl31HDdP76VSMiuZ,2OikDCslmF1Y04Szgbc8Hl,4KaIJ1FWXUoAAnOts1YWjD,3tvKbRPYhhXafrB2Lp8taA,6otKe7rdZ8cglaBVysEODT,5wspoVmmbSfgtDX90YJi8M,51OuQONxfmXMSfp5xLPIxg,4hrae8atte6cRlSC9a7VCO,56WkfBKWfbvauMgeK8nivR
4kNvYhyl8R6m1vykVkcuBu,2SOsWLMZdA4XcWmkgSCdo4,75DjPjiIp2fvJDjtt41Jfs,2puHJmjL4jvO19aEA7kzcb,7t2eWdGWBTAxaXxaGqq9ts,4sxLB4ibrNZko2Y9wHfwZ3,763pwUfmnbhnXJQBr82fvy,5iDdBGQQVuPaZXYcjHmUwk,1Bqxj0aH5KewYHKUg1IdrF,15R9AkcpAwqyThMb09ahYp,2ydFInU4v5BwVwzI0XHLB1
6XMYnm4OTEysN8blzqiCL9,11wIiruMT4yun5SZwWoouO,36xxq7VDZZsGwARsn6Clo7,6aaPceG6TnixvAZQ1wBMdp,79oH4ckiomx17EU8AZZxAN,1QaiF2CQwMfiHkw9Xsjwer,09RS0QfhJVmx1zwwEGtMQu,1P3frhEyo1uLvIj7RdFoX4,1NocsQ1btkzdSdnpiE66be,37pREwoVQVtLcFNT79Ho2D,17SLKNcZHfggqIkVHD08e5
7avUYFehb1GscgCncPdBDK,1SoY5RSAqa8Z1Usz9LpAqT,6OgFlIDGpfy1gOs2kKxhZa,3AmNedur0j9QkHN8qYydUb,5XZbjZQbGbBp7gBtXyiT19,6hNrxNBOuifMjc5MOhAurO,5aBvu3Z98bJKzvvwrPzQah,6TBF2fsU6HwwYyPRUXtcqf,3ifrPtouL5gRNkA3Pu4AiF,7iE9oBkH73M1K74gyjjx7c,27R3h4sOHv03aWMwNtu98L
32OWobmyAz8J2qA8iWekyS,2cMcC6ToE8wP0QyHbnAe98,3CFIo5d0MJM4xergOijeYD,7LJzs1Kr8kW3d6cFTCueNV,1CZgbcEZEhHH28HcBFvQIW,3i5D2gRXh31nx1Mm6BN8rP,6rwknC8jTBOwp0x8Ldnxhp,6mZI2vbLv1UvlclwDQ4uvc,4gphxUgq0JSFv2BCLhNDiE,2QlukLIOBVWU9VmNCW0J3b,3zLQtoEeXA6Lr1sNrbyYbs
3S0OXQeoh0w6AY8WQVckRW,6gNfaR0BPyqGkx5WPvy8bG,359krpyCKcFF8SFvqWES9L,2otX2IpodnMNHVvnJcHtKp,0LFqxv7O10lq49g4wpJ1ht,6cUM4yawhVYPXArGp6eWJe,1Dg4dFJr3HW7sbA7vPejre,4KuiLMwu2ceVtz2ZvyFvn7,23N8i7mAfbKfOWi0xD7v0f,4NQniCZkW4n5M8IXnd5VXR,0kdiUZDcLIFw0Buo9r0Q4z
70f0ToGXTEtLKFSwHMbHoC,74KamJG0lkhHDsP2HXl5cP,79FxBcqqI9LmDLmeqXpegL,4px14xfYJXoyUZEtWhZNDB,5TywrBF82AUQ83pXuMXjXg,5EPMGpzwuUAutClCLFyGVh,2V8J29IIjB0SbwhvKMijrV,5WDIVcJpgBIk8gXqfmYbd5,4AOdHg0VhOfCLmo4xfatk8,20LrBAifyvdgXvh3Zah6KF,3ICdPHubhqTJ4Lm9NEb2W3
6aVmwG7MnSN4tdDEZ6RDQp,5xHQQLhwsavIkxOWmqxXQW,5z5RJbZqDRYOgaMU6RetVk,4WygRabom8WGpPb44r40sK,0KXWPGFmMmK8leeew9sjGf,5vuMtXS5kQ7F0o9V9rG1dG,7hSOaMsTROT2pEdmPCs5uV,5aDpULK8MbJmHl42kR5KNI,20qkS51sD3ZAzFIUryztcg,3u7DgoTNfohakO1Eue8y7a,4Q19lVJ2aBIJ3TMwFrBeTH
7mUNyl16vX2OrKqMAuZJF9,0tBTnrMcc91qKP9dHqhsS7,6NpfWGzDIx3LVf2yaWQRcX,3botssMinOaf8gTihU6Kjo,42u2mopAuCbioXASFLxlm0,7t304VesCjiRAvpJ6IW8HG,30j6VZSDihogO2dTvSmwUd,4pYHrvEILESy9hTypCdAb0,7hN5TKSdRb56uytwIpcUES,7EIbjRAv9K5ccoH4XivnTk,0xMdUMEDwuRQ9DCg67V8eh
3DABg6RvNc3p0gkS7PiEO9,7r8KGFyID2uExN5FupG4AT,5H3B1WtZYGmyOYOXgQltKU,28HbP6INECDk1MgQgFFMSF,5eV4w3EUAxxdbD6ezQ29bN,2pkJQNedv54xNKBzohWSX7,0quqp7sNqZnyrePWcTPfpi,3GMR3hyv8BccozoebVMve3,08ti9NvrGlNdcuEp0RbkVa,5NLO5Y8BQOEDyrJ6Y906CB,1jRzdY7oUBOhrylNtiMtBD
0VU5k3vCrpqDgUygMjiFYj,3Mp0s4jN8X7J74Qt6sgDXl,0hPQO6CKJLlT9R7oRZ5ODL,0ZxWG91nxZcCsEUd6ykc6i,46TbFtz2QfwkkqsMa9Jess,2wZrc1KD0oKVec9hpTtOD3,702iVFQkR5hatCUJDwHtnE,5VSAonaAPhhGn0G7hMYwWK,679ikRav3sD3pXvEgqtnRh,01X4vM5W2LBiBWRSY1O7TF,1a2iF9XymafjRk56q7oCxo
0L87MffumRNWrY2SNUFcvs,4Qm4AIJCJpf2o9qVttISdw,27KUSXaBq6gpAGq2edLemr,65O3sejUU35kgzX66E8JOW,1dSsswb9lTyp7XseBSwKxM,0TcJDCInjJ3WdJIU1HDgOG,1BV0m40U0M4t1SLIsDnwZl,1OCJXcIpjcisG63ApsGRtC,3gueKPIuEW27uburLdX0Nw,43p1EAcsehfb4eT6oSWhJs,1DRhXot5zqz64D7VHtZgGz
5pxwZSyZlias88fmxGTaYN,0JNijCVL3ST5DjAQH9gWui,29nNU80zu0vscbrvTi55mG,2YOH9YXklxUC69EQgBt7uX,4K2LXuemG7bKbp4Mts1XSL,3H4KJNLAXSQ5SPkWfogqni,1hLNOxFIiEAgApBstfwONV,5W5FVsgGCe3T9nIMkiXqNo,13KyJdVV5uKFdwwkJiK7Vc,1wCWvy15STxz7feUoGdqWK,0HihDa14gmxuXcYIAbIC7B
5mB1bWU8VueYVxuvcLPn2B,3gylERWpbkp6uxtq4AlZoZ,32x5PSJDxopWiHMAchewMy,4hPjqmN3jgVe256XKgoEVQ,1yAHdK6lHqZNV1TsN9xjF1,73jtdGelgULLpby5JxIB7o,2KmFKaUoWcteeDobI68uka,0tKZ0RNgs8U2hiKG8bNoWY,2okC0OWtgS86P2LC18IzHy,4iXseCESj4K0SGyDx4TADA,3dM1Tf9uBxpsStGmuWkbtg
1A2UmLDZzDmpdzUjEkCc3z,3ksXDxdFDhFLljTszmzqJ4,3j3DwnhJEmul5rxOHuHJ53,2gPl93XdGnfKUykwxVHUYt,4qKMFrnyGyupV4fmBOEwVZ,1is7RSMvk3kp0Od9ZEd3Pl,6ENC3PhZGPsDkevvEC4JXm,0XLLWzt1wZwAQSxRnil0DQ,6eyerpVPa0xRdZggVPRT8H,11hNf8E4MuVlrE3JrIKvHv,5M9r1A3ZH0fb28yYcNh8NA
6gTJaPuj8DT8RjuDJyBgzP,2crcJMjO6MFjLv3CDrc8lR,6sio3UGjtYpYgg9Ez3Q6os,3vNP0nDd63SfhLpDSkvi6h,4asjU3sDnn3002bTJIg2vZ,1PU3Hy2uNXmWGDe9gh4Ukb,6jBGe0MVpB5YzVRcSuaA6F,6L0hMEueb4A7D602LXPsMi,1zlclNkERGFrCxznXOgkD3,6uQKuonTU8VKBz5SHZuQXD,0yTJtxZJ5VLfBEHhiNUNeY
7pNC5ZIKtwUK0ReSpM3P9f,0ngCmTkAgkS3fRlqk5JUga,4lC9YAe6ZicEtxz6HQZFd5,0iP84MjJ1KvnzxWa91Zsvt,1enx9LPZrXxaVVBxas5rRm,5M1ef2O0Ald6vgAt2zl3ZV,34E9hD7Pu65I2T29SJWxxa,6F4yS45EIfXba2RXTTkr2C,27eoCHVL1mohdzR7c61KQ1,3RfNSMA5VlAM66q6dNifMr,69D34snjPbZYGNwmIjmsZG
4JIo8RztBbELr2gWJ5OGK6,3nAq2hCr1oWsIU54tS98pL,70le8nuzPO5k7pZgEzR3OL,6Zf4AMWgnUDobtAixiIqnZ,3IHPLVOXFrw6EofGxKJbTQ,2YkROn3kEv8On5fn6tlJ4G,4E6RYFuOAVX7bI7leduRWI,3crNdUuDhfvMK1AjZYuT06,10WlUIcmFYfvzQSyWfCDEa,4elFwESsK6fhXiD0DprppB,06G1SCVVYRSDCFGMSnDvpv
3n69hLUdIsSa1WlRmjMZlW,1mF0phJUH2ch3RV4NGBtlU,4KsWB6YxzseKykUijwyz44,6DVX4qug0tCQkdlcRT7nUf,4ZJPwET9Jrgpkqi4Vo3Yg8,1MxC3bCPGC27H6qBggHPy1,4mSffnzPCLmx943kx2mqaZ,37431qrKdYaPF0idZ7o1Zr,1II6kj5EdfLHB33BRQkNqI,2Ab1duHm2p7JbEIoF6AK5A,47uRsTBT1Jb93QSvY5C12O
5humEOJehpAwMJEJmb0JJ2,0lX13P1uH2Hn6R9iavXWxJ,2QCPU1oc2h5X9AM8GsMMa8,4ecy0K6vA93P3VFLJVdXPG,7uhWhGcR3kn9czLKlbO46q,0JWhMKvIi3hlsfWrvmiMFi,0e1JY7c9HY8zOt4VsDDlU4,0BPOBySfHBhcpiI5OcA8o2,7cXOArZtmtvUVonfIzEFoW,454FrjoEWgUwwZwnhEcG0p,1P7G4EZBFRJCNtUQl9V7cB
1jQUjKDjWsVPIYyLANEThG,4jep6dMPP0z7HrN375InoL,45UYjwpsa76subNP5bvMUQ,4BG2tiyGdAY8PWbvXd3587,49UFcP1xlcuxwkrCgDhxos,4ghKuh5k0HX5zpdS7axOHt,64RCMntIUkFmyjkp0pVonR,0Q5H1EE8vvj1AkCB2JqgpP,5zlx2mVktIOwVbzkj27O2T,6jzDSn4ZmJFzmf9Kbq3kaw,3QWaiLt8qSXFDF74FbNScB
3S0OXQeoh0w6AY8WQVckRW,6gNfaR0BPyqGkx5WPvy8bG,359krpyCKcFF8SFvqWES9L,2otX2IpodnMNHVvnJcHtKp,0LFqxv7O10lq49g4wpJ1ht,6cUM4yawhVYPXArGp6eWJe,1Dg4dFJr3HW7sbA7vPejre,4KuiLMwu2ceVtz2ZvyFvn7,23N8i7mAfbKfOWi0xD7v0f,4NQniCZkW4n5M8IXnd5VXR,0kdiUZDcLIFw0Buo9r0Q4z
6R1Tm0srF41jG0fBNLraZZ,0rZ3xYyjHM9B1IBD9ixZ08,1KKNKDlRjPrpKV1X0S1COG,65NYLH9lxCYiSiL7ufun6s,7xSdKGMVXTdfYU9HMAuIXO,2IOGIF92IH03vT17wBB2vd,4dVJyyeCPEONr44NIrXvie,4oLuMvGQ4WJfU2s4OM6nfE,1cLnacn3l05qQDJxOqqjKF,3vLwhsaHXbb2UHa8xSq63y,1RmTAoVVobOM7DYD0818UA
0i5el041vd6nxrGEU8QRxy,37MkbRqfMdO4qlNj7C4Wfa,13Wo30Jy4nryA1H1RBKrUB,0qyUkrTBc82ho8PQIdBILl,10L9QSNEWilHgaEzfi6NgB,49ccDOSipaIJ4PcmovJy4h,3bSq5OpEWmLK1o8F7saR2F,0Nv1Mk5Np7XDcoHxqxKaLy,0tMrhzihI4NuFUKWHJv3RM,2Cmjtu8ZXmHq2EsehUeCx3,5dx3iBLyv3k8OARNZl0DSz
2Fk0WwAqTBesLtKg97nojy,07F3PrhWq1rEgTfRuFSAxx,7hdUxFqRnuX6j1xNu6eQ9B,0Q9Qo0a4es9SsjNnQCVmVY,7ybprTSdhXFzGWdtUEyfjG,1hBDC2clZylrFWph91fJpd,5jwAgfXjZ4tm1f3IRpWH0Y,77lqbary6vt1DSc1MBN6sx,5OPlYmWLWxNpQmteTvp4G8,2KgNB2K8IzL01SkAg0eUo7,7GBvTJCL0VJrKGtWsGUGmQ
4BHzQ9C00ceJxfG16AlNWb,4KQ3hT01bWE952ghVbxBtW,6i0eXvRAbVKD1EZFrXvur8,46PdEfi0Co5qUNXVFjC0sE,1gqYoOzugxXElvdFM19Y7F,3c6afiysmB7OnxQzzSqRfD,1ykCr4wxKfD5rhd8ApgS6B,5DKFbJteHTFm0gT96lhJ2E,4z9aQnKnoM0cDrLkUXdbPr,2glODKy9vTwXzbFwiACdtS,4bNKvePgcSeo9eQM2yIbVE
5S41pftCy9gkpTzjWGTeJS,7FZeb3WUrCInAITFu9ZLJ8,0zl1cKSdZfFmT0xhnK8odN,2lb0KuISk1ehjjCsmsFEmy,0NgoeHxbbAyrG6yTJCiEWG,0ytU8yFqYCvjWVeWSSYJJ8,79ui4YL9awryb25pRruEDG,4LVzk33OT1HrH7hznVLWgI,5yGlCEFKdf2587hvF1qHbv,6lQFZhiOg448aglqjH03UO,3VtdvomG4MZVbmZ1V5Ys2k
6pHy2rK10qpECaY0R3YUoe,1INY8U3j0VdfhNm1xksZ9I,7nXwHkKTVmxI3rzLnhEbRQ,305WCRhhS10XUcH6AEwZk6,3ou7qwUDzNgdbqcCqF9JeE,7f2vw0CPviNBO85rZGkyd0,1ZT2SegEiHQz8EeBwe3TH1,54cWVWqgyFukgDKQYmaKM3,5T7ZFtCcOgkpjxcuaeZbw0,1hoBuYInLOISSH4yqEicyi,4d4AIYFkR8MSWtKBmphyir
042x9bsUBWW2fJgJ6fUh61,4B4k4xhAUDykcyTC9CBlJ8,5yQS98SqRlWTg53uaTCbst,00epdN0YB5dJFAy9TldnbC,1ZA0OnhnwNCib4BcWAz20s,7y9yjpRtZajYzVpXHRjwGz,0jkeRqlWciqKxU3iHQfdWj,0B2ZuTLZnWQ6gz8RlNwBu1,4J1eV1Hp22TTZh1kHdilx5,1cDw63eD8vBptJrPBrGfSI,2MZ2p37xb1bchanskarXlV
4r8hRPbidDIoDPphxi78aY,1Z7Ftrqa4SlBZ11TEVLX9F,2UZtI2HUyLRzqBjodvcUmY,6SxnzAMCqSGCl2olRZuMK4,3oUSdLtRYOSvXcLMrHctv7,1xPk8ILT3HcFHkBoe8w8qP,0MLvtYHwEaRcYs0mSDVEuv,6QXAMI7XJf2n2dO4RUhOde,67WTwafOMgegV6ABnBQxcE,58jx3tTuDuzHysC77c0AQd,6Rpx7uap1u0uPL2n8tX6bm
0ygAYQQy7bfDN6gH640bbl,36dRGk4xB4VlCdaB0eagnH,04LkB4linu702YDzlrQNDi,3eze1OsZ1rqeXkKStNfTmi,6iXmk3jgxEZooHW2p9gK7C,7yRb5iF38BqgUufuYXsRbc,4gkl7QbQvBd3TM9PhlWFkI,3i0yPmdXovYNii91DpXciX,7y1GB13kJnitvpFbJct3hn,2KrMF8DGJrhADg3rPtWFZy,4TkGhMYlkcbxCMj3pny9mU
39FwE8edwuyiaa4PrGBkP7,44qxyhBDugx50HsLJZ90qA,7HLbmbeAqc22XkTAEwPnT6,5imShWWzwqfAJ9gXFpGAQh,5Y6SrfpD5lsHYbGaWe0tUq,5H4qNL38lIfTIfKDj4THf2,3xRbymJj98leHL7K8Y94WS,6HEX0ZHL1Y2ziqUkzu1wNt,15wG1gI2eFISv2xKW4GwbR,2AixUvjnGvvosibAqzUGF3,7dNv6FGlOY4wlFHP3GqprN
3Gp21NPL5JFecuQhQBEKxa,5zMRkxgFscsPItPsMy4ItS,03m5ynXvoV7XkMKQUvtYgy,3ZK8icmaq8PMW686smPDVL,5JnTEbdbBR07XzQXmK0AG5,4JY5s40ymnG18f6wxQtzPw,1Sgo6Ooo4spG8J5NxeawuS,6bNIrNgy7fKHw3HeJg5NcW,6Cjpwfkx1xKdiYrlXT3F5P,2qNIaXkc0wlR7IIN5l7KtL,1ojOsS0Xx9CGjufFGJuaJG
6TaqooOXAEcijL6G1AWS2K,54QsQ3wVu3BevTQm7udOmF,0Beq5r7yL31hEtGz3hUdbi,4V3VshJLUTCIWa77YiAkvM,6BY6dsns8hz3wfa0RqV7A2,2qwn6whaZf7gax7SaqUZSC,0Og6ggyXEZMcKbE2PjclwV,2eha6iitIJ7EaVdvusgtQi,7pda6TLAbVGxUjIUtbiNt0,1Q7taU2wFFVHgzzvDHSiW0,5t8HIDoFw5nMHGgvOrJODy
5ec9KeSKipgdRvQC7hc7f6,6q4P5GViMZJfgpfNVr5txY,6GmL39a9OazWtyMkAbJz7v,2mX2iJ6rw3ja90OPzHrmHT,3DL6PGdcnpn7j5ofFyV7Vv,00uEBU3gbArSYmY86vXVEu,4GTxMAvHokZ0SsCR3XVin4,0Eqm7hD828cATBLUx2fJox,09lUjiXmhTzw4ifqRY5q9p,1uh9AadCenlpEsGpl7Ywdb,5h5sJvkKdIfC4yjALOmPn7
1Bx0zEdVjkFlV27iKaePug,4QKtPdgmdpB5ul0YXEOpS2,4uJ4vqF0tplwZJfdBZRV13,72vsd9IEBIonmvIY7TEjXK,0MuqFuh4MerIiFsYWuEFaP,2dPe9cYwR1oWclYqs8fIlY,3LcsAMEsXLJQvylioyY0wV,3pXBx0JRZHhlfTjl8CZhFJ,1kTfThxeMMN01vZYhQc13Q,4GAYV2RZsHNx2WBztWQrRH,4FiMsjkrUj0mNT4pCfzMPv
1Y6Dv0tWYUP3Za2Es9FUL2,2obblQ6tcePeOEVJV6nEGD,6czO5sUHu80KP1OY2ux0O9,2Uwjr7EnHRXMgmL9SmX1Gj,6oxG4UVYbLSLj54upLOeOZ,05eWvAS5Cxy4sHjlIDofyB,71CXzHYYOyNqgtVFpNdeCS,3YV3ssjzbMuEta3RyTeXih,1XS8DZanBqH6uhyv2ngMmM,7IE865TiMLStYYcqgFem18,0PPOpo1I8wjhPMiuNZlqIb
6M7R9BK3Etvt0UNhbHoQlR,5PFMZcUL5S2rHx5FT3C893,31kLjoUZP9NUFSiUGIyKZs,2bwzdXI8cGzmhaRjnarQWn,2ijlXljKx59CpEP1326cOa,6pKADEM7gx8EZ6UypMUzyd,2qUyVK0Yd0EK2hCgiwHe2q,5UOOrcCcs5vX8ZVYqAIxh0,47TqCCnEliDp8NRDyIQoQq,5Kw2HePwHwkUYfqYlbP2lt,7DVNEcKN7bE50N6xQ74mh2
2yUu771fYfHQa45VcVvkhS,3lGL219tz1Cjy5Zeno5T7m,0u4N6w5lBw5xMrzJitRWUo,0nfS2TJUiMyHv0hBpcmmco,5Wr8eNDaOMHZKdJCRQQTTz,38vzESfLhHl3rwCZYvg0eM,5fLZKOUE9D4JrbeAHV6pDI,4p1oyUKr7wcecCLNCoRTUm,3cVCJ6lrjs64HOJKy3qrIE,7lOcjeHHg9QiRIkEfQ1kz6,51oXWg8RepFOwh51oYFZHZ
5J5PXmMdQ2nh1lZOal8KmK,11WuptzKtcVfPMYaf5aook,5KIfOGEy5DM2TaT0ph5nYM,0pjeNQwXZ1uzrsyIC2SPCu,3Y9smXGzIcoMzg5UhItDqh,0lnBU6WuTCkQGiQLOa6rZ4,6nIzjOlcMmk7ITm7FVbLA5,6LUOMjoORvAkdhBYvESO46,5BvSj9CWEgLHcvNC7D51un,4hjloKONMQyJHOmSzAwuAq,69wXbIKtG6hzE4ID0wJTry
0H8XeaJunhvpBdBFIYi6Sh,3Tlz8oufI9VaDUxdjg3BZe,7wjbSn8QHsxqKXU5M0jXGM,4GDhUzDe2IeojZTsLc3ase,5Bb88WRO4906ngHGMvkv4P,5MEQEsjrqdLjfktogmbdyp,0wIhq4RaIoO0kR0RrYOT3j,36G0EHyZxajeNwD1aIEl5F,2aNGCrhh1BtVcxNtafQd7p,672DOq3w1Dr93THZOebt4l,1UZOjK1BwmwWU14Erba9CZ
1Slwb6dOYkBlWal1PGtnNg,4sQ1OsA7S3EygpbIROkbLn,59gcyHKSdSSDjIsunHFNZt,2zPaWxKdwaro3UmZ6ZVwfA,22zR1ReMTfilUnh4bA8bip,1k8aOPSd54EREmgEGhCMtP,3D2DinYDmMJZl9RXMue3AN,2x5Frs6ts14U4MSLrQQlXg,59a5O7Sb1IgLvvjGJeL0ax,3NpsflsHTAoand4Jl3ruP7,0HrOUWOuSHKjZgynQUJsWj
1lbWbnWiEbAya5FlCzfsrq,5Tau1DXCIWtxgQqaBlNzVA,5L0RX0UyJxDSiIVb49l3FX,2hx4ptqsE8dboLH3NCLmaN,4t7ix01Vh1QIZfKEeerLLZ,01a0J96fRD91VnjQQUCqMK,3yMVUGqVK5iTTkA8kGChH2,7MpTAgJdkjCNPUWK3PkYpf,257kT1QkxdEs4c49EJkNmc,5tDozcHE9nOe6yZxM6IygR,7AmGy7erKqVDo5BblEZtde
3M5eeHXgG4VplKNcsBC8Dj,5g7xZ7eoCpNt4Zm2UbE2U5,29xCdjplmyxsu3ng1Vz6T5,1j87FRKHEsUvufk9YbRaFS,15uNSasjPqm2sMxyxXetpz,3GrLhTnxkqvG7sWszeCJy1,0JoHL2IqhZJiJwWDOZODFf,2VEd6S6vdO4BwNp8FWR7H8,7DLSyOO8L04e7fz99uXCEM,5FI2OsC304blOzEF4WLtXC,6yVvMWZQjsuyzQYZ8lGqKW
2BaXRCVgn621xHOGoFSuW5,6q1aghK6XbH6aNu6ryIbFI,1U6riPmEZzICc3NVAlxihh,2RLxaX5gVSekX9hjnu81DT,3rpv4DmrFAC6tAfDWx4FTC,36UVZPoK8a1Oxh13cY8kOp,6zagr2zTjMf9XjndBR3l8v,3wGpq1glvqMJWbj7nbqlYg,73Iyy1U5QR96t7YPPDrEKb,5Yhr9lHjyM5SXBPU3Ynthu,4mGJcOKQhmISIWgQ3xCiLB
4FtGIIBAi0xFRpO0Z0kbcY,5KymUSyAVfgyXW1XPObBXp,0M5mwWIjLCOJwyTzywn3vG,29LTZ2Hs6t2pAvQCLDREvo,2gUtqYEahxp32Ehs6yc1sh,1Mznq9fXcKe0VuMsWjErxg,1flwm62q22mtKkdaXRyQvb,4nyyOrUTHPEydfKkJYu0fb,2qgHh6CJMxYhwRRxaSwlmU,51xWZGP9K6YtqCzyDoeDBD,0BVNdffyN675auioqP6Y81
6KFaHC9G178beAp7P0Vi5S,4PPAXGXGZbHvnYxE1QsgRI,3b1TedXKn9m9dUl07s1vxF,0AANzyXvGrG0buJ8bksZyt,243zRzgc8A5GlgbkdP4vxN,4OjhzIrCVB6LYBqzYc0ocF,4BLpd6QINAs4UXd1lVtdhj,0rBZj3dwQ6lOOeIdwgTyoa,1IJkqtUVTqDYbXZGHuo901,5IyhcswZqcSb2lAW6W6oiw,5sw2w9lrzR4hSLVdOcz9SR
6QMoHcXX5f6zP9LCAh8mNk,7hRboN4MvCBqQ2b9ehzKez,4OBZT9EnhYIV17t4pGw7ig,2AWrMxtkqFVrxbQtrT4rxQ,0AO2yQNGcH0ASHHU5lS4lT,1EhW1TImeSshbIDX3XRWUJ,4IpkKdpbdryQs87pQ7QFAN,1IZc5f9ulw7Ge2eOpQH7w6,2vfOr8XMEAe6mzovq0QsoL,4yUiWWd3QQWboWYpSh0XBq,3NYiJLsWCBMBekvF6J4s0B
2WfaOiMkCvy7F5fcp2zZ8L,07mAm7tv8emVnGSxVlfv88,5z9cKcr2oSPGkl0947lsky,0U9TKK9GYryei6Vn45TEdH,4TOYmUloyDslQIj0k3pXn3,6ywRlumSQjOOkcSnJYAgHw,0s8OsDxW96cl290PcsI2mX,3cGDEM1lcQSZPWUGnesWOV,7zL1R4SiaifOwieMmxsG7i,5ho74ZlMvEbyhFutCd8SGg,2ZIzyHDYsXIHUojfr6bAbO
4DIdJkGctTM9v5tM4oit4I,111Yg0Q0gFHyvF47m57B2Y,5lKQkqvgGv3Aa1CYKqD8DN,1HvA9cxsU1Wdv9ROW6gBM3,1i7zbHWYchZjFfSn9PZBAx,7pQcijAjMJ6wAF1wTkR6bQ,5eS6pTvDNOvh2kyxeZtK3r,6W76FPDPMKbtq9at7HVYBM,6V3cRxxIGT5mOJX0xjjjqn,6pxWghcPKRSjZPj8Ba9vpB,3vBJYnujT3yxLjLEG1jtDS
1znPMY3zq78mVuTAmOA9O7,41OmOCUlaG3xcfLr1Di3di,2iN3sND7JNguttGbuyr8pe,4Tqg3LFxSvsaUQx6JwrEif,6OVwDWn2LycmfrJJ4lvDqF,2ukj6LJD9be1xklQlXmahK,1qjrYozGqc7upUgfN776lZ,1sJ2rSf1vPZKtlb1q0KiDd,6FUoESmfrg9QjLB3Ma1Zlp,7AzF1C8pvbeWnZT5FwD6dj,1SDiiE3v2z89VxC3aVRKHQ
2v6r8OXPY1exSpSMROIwr1,0xOyiWM0l1Hacs6vNRGaEu,0lPWEt7kSY37pSUIH68ME0,1BDZTDK7yM3W1r25X9TAiT,0S4YysfsVExB7oX0tairoB,2vtmY2mSccRzKGjtcHSzI3,6E0HrQ6k64mvH9bjJI0VMX,7Dq5ymJjIUso6RNkgZmMx5,1nMj4Sw1Vik5mkFZ4dpStn,3S48A5bP2o9s9puMD65lrw,3qdcDU6MqL1sjRJBg2HIj2
2g2Fpryzdv9yW7fQetW607,5j4VuNAhAD0yXKAbaa3ZGT,3C4JNyv2NAT72xm0cDKl0v,7oTKvLjCe7db1UxsImGBwr,2KhIYqKgvHx5YhE3B8mR20,4wR3CFLJCl7GzaigWM1m4N,3IM6EMaEja9at8Gc9qTO6y,7x34vCAgecO4GyiBTAxDhU,0uBT62hpkZVT2fKUN1stxU,4dYC1XmfKvDpbxLrMnsrjT,2qqEsXR02BTTHSVkJ5Ourk
2djY65hifu2a4R2WqcXqKL,316E3yrFms17Yqs7CWkDqe,5URYXSFGks9Q8eYePlgVdL,7CLrlVjRM6bxDTC0bpYOj1,6vCGkDwZdkMWQRTjw4tP9Q,5WUiWMR4aXkvKIXB8ba2ws,7rb2F6r26kAi2Zd3WHTgnd,1ZlrfDAHGBHySNrZg2XqsK,5GkihUWGJcoQru0Mrkj797,2g6w6UdtIBrk3HDN00wmsw,7sb2qiE0af4NggQPa5FkYY
3uhBIQ7tv8j1FME8cFGEfG,1BPPnDSpYfVGx1fYWyAWvz,2iGxYKuANKbNzfbfzDCXcx,26h6qDR3KtieqIWgnveqmC,33NWGUVnfrcrLEuazkhN2P,0HOvoZ4m0aJp6vY4fVrI51,1i8XQPlJD6QWLE2pFmHgrV,1KHGSJPHiHkG2FEGFy8fLc,4d75stQ2jRfq8lzaqhFFKs,7GNyCdqHYASrBPuHP0gj8v,4G1riMW9K3O9nI49UawBIX
4HnPZXkx15Y5hfBWh9vtQL,3xpriWan6RFmkVmFYDR3rx,6hIK6nyeIbBaa4v31Vu19G,0LO0KhXp9vsCaVhLr97gsB,6ecwpBlqxZ7aJC51htsgcB,1OiV6gV57ChKZZFBCHvWIg,3V2aszRCW165JY9YVvXv6p,7xLkPLMou9KvfUC6NDHaVc,0BtWu5QzPWkFMP2RPSoUfr,1oJFh04MxEmecGdJd8yPhu,4yXgGOCZBy8Aldk7HFnpkl
4JFM7KpVxgPXargA4rzB60,3lKjr1J36BxAAKVcclTsHL,2nCmCt4B5vkabS0zeOuc1Z,1OK4hVcucqYKMU9Ipb3dtx,6PZDPg3dZgJkNL6nVMUB4b,7vXe8hgMSqDBr2wFCVipUl,51Vf6hJbVnvsTjsvOHoZ3A,7IyOJeLr6qBG7zxUznVKlH,5Su82DCebDzhL88yWyUasx,3b0om60g8xnZVebh82jdig,50pJXx2ImZomgdmFUtIczx
4TZy1wLyHec06pwgFYDh1a,3AT8futZLFNDltA6jZAPk4,40iqc94M52SdqnifRSqRWh,1mouxty8HyfcIZE2nYOxVD,1mxaufUe16G9wOoG9ptUqr,0VYCUWNFIYLIOQqu3bFzs0,7CuyJ921VKZTWEdIcX2B9P,4wXidnxU1Qf2KpEMO7k1eh,64xJ1MMFxxK6osZxJH857T,4iWYPj04kHXcZK0st5yzZf,1eZ9Bznh0dpn64QGLgHjdn
0uACB4xtUGiozU7aTU10QU,501PoxE6Qti2ekECimQeXK,69MqASU43pvYjazrAn7qjM,1WX8qAnT2LEXoN2LK6pyQG,2GHCGJ8LSmSy3GDnGwPssh,7zGeoy0A1F7NU0wgI4mqoY,3ceAaa8IDMI5YDiackOKXO,7LqjznQwfrax7MjQXmxqdQ,4eH8CeX29pq3cHf1V9dRBQ,1n3Vmj2XehpOUuMgID478T,4JKwW0A2OQeAUpYZd99Lfo
46Y1VsEbWAQ7dIZe1gpnve,6uzi1d2F4W3a4LHsurn2W0,577HuVuyCyKEblC3ihTgSn,1aOjOCvMgHzR9PnecvSr5K,6wVViUl2xSRoDK2T7dMZbR,6Hk8TCgfDX9psg3hVyzWAX,6fRm0YjmVJFVnE3KtuVO0q,4XX1pFUkQOZTYp6Hb6a6Ae,4cGNEByoQ3adGfq9rFGH2t,7sLwk7KkzeSJOSeaJwTaJx,7gSwrAgNKAeBxDAPTazMiK
4qBejt9FeqLI9blHI1Nq1x,4YdP3ybeu9Nglw8KIpp8aX,04QYNjGUwtJ3emEPCvjaJl,4mzUXLXB7bP39K7CCJzouR,5JCxsnOKJ8CBbaG6yeqMQP,1v87LT4kczXN1NRiHiZj0Z,3CUKa0aa5e8xijX4rAINyy,28L40b8gpXgZu8XFU5zYyj,1VgBDN01P9evVutNs82GdY,4qAMJga3GyOCwOkj40J3j7,2rAKr8ccF24rWoFbC80706
0q75NwOoFiARAVp4EXU4Bs,6fujklziTHa8uoM5OQSfIo,6LxEtvMKSwmPdd5Fh1PCof,5Z3GHaZ6ec9bsiI5BenrbY,2NvXCxgqZm8o6CgfUVMbYO,28P6Cr4NvWmCrFj2hH66dU,70RiJEscyWLFd0XmkueMFP,4DMPn1rEujpIJIvjy9HKV8,7tk5tOCj84jine8kKJkPYs,3g9TyWZAiKs7Np7oztsG41,3y9cCbnBn0zjkJa2YkOj70
7qiZfU4dY1lWllzX7mPBI3,0zkLYA15mHUbQqqFuCRVHO,0F1Rc18rZcJOALxIIQPTYd,1265N14L1xyzKNr5XZzuTP,5FtRzorV99FgGUaL0chdxp,5Vr23dIjypiRBBnk5bAWr5,4EMOdqB2ALVMtd7vUWMjGZ,0C80KJWvQWIGjbOiIurV1W,1RSL0AkbRrxgjiRRQubpRn,4rJu7pwLS0R0t7JKaqX3Kr,1oENXLF1JF4sfAkJbU16NQ
4iMwTDfXQDdEWyI1dtx9K8,26sIlBCp9d25SuA0rwZVBF,7mywajxmZfn5O3FQIR4CPs,2cSAc5IRJBBZFzLCEGnxlJ,32lgtADX2cB9I4KFs1Y1py,5qmtkyOgqA2HhjWRHj5Gez,5xhJmd0I15jFcEdqxfCzKk,6LU2eQdoQpkBl1ZnlSFKXp,0xSfg4oe6k01VfdCk97Ur2,3z4KpgwbY1c35mwIQbtpB0,5MXA4XMKZj1sAJjVvwaTda
1jdNcAD8Ir58RlsdGjJJdx,4hhnby0ACYDu0cCMenkcmw,2rN2WzftSKZzDLFApWECWz,3X3mfRMRaPJRiIMDMQtSkd,2SBr3MK1sdMs8IxdRcN6qz,6dgFwl9XRZrSweDtY4RkZ1,2BwRvOaG8JdpX3F5LqiLHo,5yBIGBgrKRGZzEhBiYRuf6,5rwxsHLK1q9fPJFyyqJmP1,6zdO7yfGMdFzEaSYDaZgNf,2PVU8zHILp6jK4Q7W6rkz8
3idXhocZWCuIUoqhAGI4GF,2M7fA5L6zH9oxq53WsaYB4,7aV99kydhLIM0leF1UoR3C,14RbJChSU6plBlAfUhAkGM,4CZuFMSuaT1Uqog4hfSv9j,0MyY4WcN7DIfbSmp5yej5z,4o4lNCu3RYVl7B9BB3YEzF,6eXpxFGhRMssC5XnaxEhMu,5oWAjsW4RHphvjcdmZyBJe,4zcPWy2F8vcQnpRQ1X3tdn,4MvwPfxA5udOyOLZ6R5DRP
0p1HtkrNYxv0iDfEKwXSTp,2NdVIIWp04O4K9eaVJ0fER,6kz9zhxw2Vh1vXRjwWmbUm,3H9lR4LFU0nmaix4jxXTal,1oTo3ijRbaDAtrjJrGAPSw,52a4NX1NATf6awjHAwg19k,1UwlFFpRgMGflbDuyw6HaZ,44XEXcJvWiGlHAiCToMTO5,5iecOuX1N3SyGr0cO11Rgz,7LZN7FkxHZk6maiN6NdI2i,2aZfYjLYxdM4p9itU3TsYr
5r5AMZbVoTbyUGppcm5UWC,3zgs1f6Tj0mn29qTXJuhSY,3KvoZgndTtmfjjFV0MwMqF,7CAKoHG0wkAS48MfvoZLiY,4DpgCP5G7pI13b6VUxUTjK,3kbjhJgBeA9KuAu0Y1CwIa,0qZCuHYjH644BIXYD06oJy,0cgWTzGYVUWELohSykTxrb,5Hs27SkyZDIylZvtl2b0nR,5XFuLM95OKDDVScEtaaHSn,3ORQsL0g4APGsXoqD5tkpm
76T8y91xMLWJgfsEsmWGxW,1ZxwWrMNukjS8sb9TZ0HjU,5VlF7cs8K4yKubCdJDWGO4,5byn55fmPn9kt1rQF2f7K8,2ACOWPLUe4A4KuQ5ioD2od,5vnxTBEsJQs090J05EQl7X,2Ju4c6LkBAzhYg5Spp5pWK,0ILY2t66NGROHAbbiIqL7D,6eBcqZ3EJgamC3oFb1K3XD,1lhLZGDYPwXeOjfpxMWtQZ,1uWTlK72KKpzsCHhu62OV5
0nSrUpDjFouhaQB7dOi0h7,1ih4Whn3lcXs2840fNyyeF,66wOMJ1XInkBukh3C9AwI2,2AnhIfIZNM2N0DPjgGccfy,5ZbwPEUqw1hK6rp0ppD8lR,2N127y5vyqdwEe6gDZSxs0,7aag0fFgE9K1Gj8lJwQaGI,6ONb917y8Dah2OSXA95XJT,6Rpp0HMWpLvi9jBiwYngCZ,1Cfo60p06ZClLxnsZEp7D1,1t8TCORVxdItzE3zy1X0tv
5fiRubxolDeCN6x2LTD7Dq,1SDl9wY1MqbpJQW0yKEWxL,2ohc1fUFMMVqBAdGIZZlUl,6bTbkW8kwKiWGH8F4WsNFb,13vLRLt9yozP6w5kH3pxOc,2fdfsGuqb6SBX5ocoBWHUd,4MfpfKeItigUdVO7qwOLDf,4IwNO5G8nDIeE6EggRUbqC,7pbiLZUOROcak6yv2v47DA,0dnx2LK0rnPTACGzbLc1Jx,17pgWliIeyFRjjU8Zosmro
1boXOL0ua7N2iCOUVI1p9F,49u9gOsag0UR9rnDmVoO60,45guzlACEQYlHrhOyqwvl0,1we6fKUZmxDbVxqs2n2qjw,4HJpiZzOYIdf002T4PfMSS,42ON67EVCaJpihkP2U38n7,4jTl802XxfKbY8yri3y98P,5bWYXXBCc1pMqr9IZ7zVZL,30JXcSwAvWxdzjc2ZDbCGz,5LEGPCJ0dr1AfFuDncKHEV,7lbazyJ26MIeptA0OW0sz0
5gCswZDpyFPdMMPK9tv9N0,7qjZjMEPBc89mv4rDzGrh4,72H45e2pdcf0sZ1kgvaSTM,5EOoMWIB9iK4ZpcSex9Ec7,0eCEonmWNI4HvHCfuOAdXq,0A2oXFYnq5ftQCZLRqYRwx,72L8I2ivtx5D2Tel2bsdf9,4mmXeKNpOL83fu8pgAPC6s,4gCl3rvxQBNeKxQ8sihZgQ,07p0kLnvfQQ2bLujHyzSGK,1r4KZXhCnoVF8Zj5Q8sedq
6dViIgkYIRccNImPln58rS,71ITWhU3xw2c02acdPmxJE,4zFafiA1fDqNH7RzSptUYh,5aedHsKgVnouiMOCqWP4B0,3n58u3LOFw8mITLvfPvQBz,6aG86wFiJwkJsByH2G5Nbe,59fKXj7R9N5P4pD3ld6ywh,1ICV1zuhS5APyRDXhifYJO,4yJf8XHcQ0CRTvP0zL2UX7,2q4rjDy9WhaN3o9MvDbO21,3Wyjxby1RgGZs52qIXydCq
28urem2KpSOkljclEk8X8G,0au5u99zsQ6yunHfywDX8a,04QKeqtQ1KCDHTXK6mNwqX,6oxYqJerk1o87ZdPA4Womz,0Dv4DdNy1xnhNcCd9YVoiH,3nlT74t8h4XlV1D72pErhj,5u0YB9bpmgEPS2bPhwfRFV,0KPNFpl66BLu5kjG6jluWx,6RfyEd7SgmA6PCYJl6riuj,1iMOLNyzKtIMucwZzQSjZi,3lrtTTdZWXoF8Uzq0g7H8p
3rq5w4bQGigXOfdN30ATJt,02KGkBz8Tyc9TB2RqCd9Z5,297kL99O1dAFpm3UmtYsfm,6BMGNCRJnwuwp3UVVCXry8,0L4YCNRfXAoTvdpWeH2RGj,18mKKX7gg3P33K4710gYqf,6EKJsk4eQQkG7OwZu86Zpj,6Ujol3SMeZiWSAwTyZPRdx,4U4wBmE5KUP39VIpWMWGA3,5DM3OckR7zkLj1NKelCUuc,0ONsqhfWp9h4jgelqxD0Z3
4iCtDP4YhPGbfdWwIgR2KJ,15PGlEyJ2iRrbFJpUu7Val,1XsVqOChsThIrhuLZcSCkT,3gnfYD3HzIkAlmi1na0CAS,4efoEY8iDBzUqitjmNDhpN,56REgyT0unJJDFr6UOObT4,02qdhYxmkK76YPPswkx299,17fdaIe3s3EXjb5wkl3Dai,3N5oiETJEStSB71TjTFkWV,1lih9AUGlOI2qbAkptdBsr,2jNFga2ldTWgXXuu57u6QB
04CpKcl1ItOezCVVkIL3E4,3tObuNgkiUfy14HFfP2GRr,1TOiDnIY8HgPyDLSR08QXq,5YciOakY5dB5dULkiLdCaf,2tXOD8BWnXWFHNaP1AHaGw,48bwpIDcMmhQ3B3vO2cvrk,1zg8rQ4pENedgx2FpHXN0o,7iGdNkROFlxqUJkHNlkoQV,3v6gZPaK2BjaDlDNQLRvzv,4Ku8uqOCqyxCf99iI3OLHP,5ffsmOjdQ2R3Te0Sy4kVWw
7mUu6to4VZIMuyzPqHToJD,6o4cd0CBDKDN9o9S6dBCMI,5PJkiuCijjuypNW8Eia1kJ,5PG1OBetpMvXc1yN0P7b7L,2z1SaJJSPpLDQJphaESqKC,38ABpg3JyDajLu1HKTmXiS,45rQqSqb95p5lkZy13Tl1u,1YCUhR9OaaviHaVngMc7Ui,75OUn5I6cPndXmucBX742v,7tpNwtVSrNMbUHkOcvDPUN,0lNX4K0hk4cLMnBJnu1Ujw
4ZEvWpjUBtL9gjVIzB2Wbr,0BU5tA7Iw8NABambhP0u9N,1sd2hhuof5xHT3lfun7pOa,7uJy1sg9eOdSxpciYmYJf5,1na2MOlie83rN9sTNRuEOj,6f9fLjVqrTyYlIFcuSE5Xm,638vYOG0pA4bV2ZlseOG5a,2eOOYbtHqtAt1R1ZRteIX9,5OwAflm8WHaa4Z6sMmZKWz,65mxH49S7F2bIc34bGGQRg,7m3uurpa37PbjVDtqxdAFB
4bHsxqR3GMrXTxEPLuK5ue,65E62rOSbm7SZbAMYjNTJq,16e5jOA69ACXbyNFp8HVTf,1GTmW0esklTA5mPFemIVda,63DsxhZy8Swg4ooCLxwXoA,4edArG2VehvJdwOZfYOxtK,055bKlvn6NJwdkvLBejaAj,0Pl56d681snPZJD4x9h4Zg,3aqQsLmOr6nJEwTy50UVXK,6uqi94TXfmYiNFqVOFkQKU,0PicKClXhQuGNIRkV9OCCz
5TvE3pk05pyFIGdSY9j4DJ,7xLhousIHDxoGgeJNhO4Ye,31RmuDevJw8GlVViV8sYj5,5qKvvpBuiEsEwXiqkvrCJ0,6RLkxQmjmbB6ItZBOwSK73,4L2K7JKseFCBoHMZEAszW0,1t2tKmSYA61IA7scT1yoIn,3CV4lFELdziNM1OnHU8nwz,0lCnRkdDerY3n0kJVVmEqV,6dYaVW6yO0mNUiE46S4hfk,1hWfWaBSuArNP3WXd0hPT5
0zTSmiDzVkIPUPjsHcUWpe,1FembVOaxZjMJnd7JEtA57,4P75K3ruHef0eP6GSJkncx,2bBQg0zLuhXcVvqSSriawP,5usjGgKgkMwuTqPBpiOxza,1v98rfd0an913AzHvMNG8a,1hvarA1TuYVYoTaR26YpAS,1MsxKjQ5moDDHVBGeHEUwo,2yi7HZrBOC4bMUSTcs4VK6,2dF6LreZXWeKicUrKlsAM3,7mlru6dl1rYsSBRDU7DGcV
2wFU3mCGEdSMzCdjXnqOpX,1ILZVxd4FCgURhwRRNKQ85,53qU2K55RJgfs9F50irpB3,5m1QJuaqO5yr5XSh7mhC1s,1TK07KcIGCUCli3lLx79yW,7abpmGpF7PGep2rDU68GBR,02OBEsgNfL0u9AGDUOIsDU,0zQWt61gK7ZlRuS9rvGbnK,6kBuHuvEzKwVqc7Wl7UYzy,1zmcIdV2q7T67cipZ90WAO,7b6KamhVEubrVqWB3iBYCB
0lLdorYw7lVrJydTINhWdI,6ppoXyBjTp22DXbU9HcSNS,3UIFble4m8ufzxcPrXr4s2,4LTa2DALHWoAvFKQwsRugj,2NchgpAYD1d1MGIK2aEoxC,5HAreAtfnHGMPhRfGfTYju,66p38eJ5BjCBjjM61fidvH,5aU9NWQV9Kr053DtR50Jf5,39cgpnPwQ4mfmgTBY1FojG,41WPHAhyQcce5x8WacaoXv,1V6zAsRFJRfFGcgLbJFlrr
0p1HtkrNYxv0iDfEKwXSTp,2NdVIIWp04O4K9eaVJ0fER,6kz9zhxw2Vh1vXRjwWmbUm,3H9lR4LFU0nmaix4jxXTal,1oTo3ijRbaDAtrjJrGAPSw,52a4NX1NATf6awjHAwg19k,1UwlFFpRgMGflbDuyw6HaZ,44XEXcJvWiGlHAiCToMTO5,5iecOuX1N3SyGr0cO11Rgz,7LZN7FkxHZk6maiN6NdI2i,2aZfYjLYxdM4p9itU3TsYr
5PUbfc8fJpNBM4MpB6HuTW,5Z5A4eL29slNC4o3xkt2Bb,0Sl8C9oeS3b5Kv9bSvTPDr,6QVAlM2uo9KBuHe2LI3lqX,6vjWim6xU6tPjA42GxSp1U,1XO1QUeaqLjEtoA2zcHz9m,0YO6BduAqQHsjT10m8ObM3,6QBGMwu9ipwEfGT64dX8rY,4WRSX2DwYnp2Rtub7RZKqe,1fdkptMytp9Yt8j6vBTKDb,7oGAGUHzpeRA09lENtACsI
6F609ICg9Spjrw1epsAnpa,5lNlKYeokQOKbXfsaesxRd,6fphKzMOSqyp0zp8ZxcLe5,3WL6yCfh0zw2MxVSWSe0G1,01ykRuRaIcmd1gJJ6AK8Ey,2AyFYSaJjz9XMc0kMr1R3a,6F4jYuSqnh9btApLxYr8kJ,3rbNV2GI8Vtd8byhUtXZID,3q2v8QaTnHLveAQzR6gvYm,0MytO57fVf1nHz9Oyj5n2K,1HHW0zFTNsRpeZjs2vduO0
3m660poUr1chesgkkjQM7P,4XnjPTtMivM4TQc1Y167ao,28d5hcmJPTMfPGGcWITiGe,6DbqCKweKwVkHgRv1CI53D,0QCymIumn4YPTlKOuvDsS1,0Yin2dl5A5LOWGnb7A20rk,2IHy47dWsTh0FEHBMdfd38,5zhRqvwbq40Jeoxe2coaOd,3rkAqA4V0niRSLaDd65rQD,6d3ic1mkWMxf5DPIW798f0,1pDXXQn6Y4Z4Qe8jihZhUE
1CvoOXxJqC2VHwgjZxjGX5,2JUaGpCrD8tywgj9MeLFbb,1mRBJdpIgc3jZH8C3cN2WV,7geNPhZYRpQ1R7YV1R2VGm,7b6gj5Ndmnnjz18keIZRTp,1qYHmEjR1WcEG50T1HMlqH,0i3QayolUcd7kAm5AyRp19,0lQJBl9YEsoMtE8D4yTE9g,4rEewUBeCHGkKoPX4DJNq1,04YdgoaGLebEFGQj8PfT9s,6ZfXA2xakAvphXOSOJ3u1W
3xKsPtA5XG91Zlh0SyycmM,6eDJvxlRDYiCYoURDXjtLw,2uFgEFqXALxlFdJxsPiYhN,4BVE5tIIpYabZcYCbephNW,2tKvbXiqQM7aYhbpEWLbTf,0augBmIjOYiDVhvwaTuYHW,1ZhflrptZCcYbyqyIp4RaJ,2UJ2JvrxU5Ue1y08o5TzqJ,5JkTN6THtYH6bpOoHjOysc,3t4OeuZLxYUKjWgCaZMFDP,5lis4qF0ZUhNGyDiNyS7e1
1LomM3L6atrf79ZL7nHDp4,5Y3d8TTZXRfhrGGVoKAeNP,2dUkCUXXoknwsLwuGaL4bA,4qK1wkHWFM6hyFKo0SaAra,6WMYFEd4MJDIjJARHnOxoN,1aUT4xl8iiYNr6emik4qTB,03sHGNgxlmsNQfq0cZ3BE2,1BLz7nBzRElSPfg3ndJkHz,2V34SWO48NeG4DTnpmHz52,026R8e89M0goYtCWLQNyI1,7xRlcqnDhyv6hSbFKz8scj
4FkgULes13bk2eHrsJg4q9,2vyae4DvSU2gs8OMOGwXF2,4ddytQFMQKYqlTAS0rl8qi,3Gqqhxc01oNb8wDnR2qvIh,1DfMYfOizR8xiAiRPxXHyq,4WvpL8PujqsEtxSqJeuJJO,3K4HG9evC7dg3N0R9cYqk4,4EA60PyQzquOX8EUGSkKJy,6M23RkYPbVR91c4iWVNkcl,1OoA4GfguRKlhb3UeUFu6k,3wF0rpX1njF2FLFGc45rxV
1300POeOaj8qho30FRHjgf,09OojFvtrM9YRzRjnXqJjA,69ku805AjIcFQh0IfkGohf,6v5Teo5ohFzI1ePATWtoyV,7COIQP6ILp7HMnW6zjVM9d,67KqCj7MHC2vEzTUIvnQ93,630TIL2bWuseStelIhFT6L,455HSLQfOn9vxG6UjzoTWw,30WzaYR4gc3U7wv1VWFP5y,7hicCfvTRlRjkrHYim5Gp4,36AWdhZIGLUTkWpJDhe7va
2WfaOiMkCvy7F5fcp2zZ8L,07mAm7tv8emVnGSxVlfv88,5z9cKcr2oSPGkl0947lsky,0U9TKK9GYryei6Vn45TEdH,4TOYmUloyDslQIj0k3pXn3,6ywRlumSQjOOkcSnJYAgHw,0s8OsDxW96cl290PcsI2mX,3cGDEM1lcQSZPWUGnesWOV,7zL1R4SiaifOwieMmxsG7i,5ho74ZlMvEbyhFutCd8SGg,2ZIzyHDYsXIHUojfr6bAbO
4qknM1pQz53QOyfDVTjcM9,5ne6NIzHKyIwUMQutskWdR,2YdrFOfNZeKdQOUYw9duoA,6ZhC2rwZHL1BtiXrkeuubW,4VXejnj5WgM6H72ct2fSgQ,1KdOxkpeQGUueSH6q2vZHC,53UpWinq2rRRh8gh9qkD1W,1pWYnQIlqxTh5bxuPmTG4E,5nL5X3eO5az7OYLY24If05,5f2ZVFERwwh3asebmurZEf,3yHJs5NmQk2ROAWCfjniXV
152lZdxL1OR0ZMW6KquMif,3rtwdAFtZQiFu1WT0dUVjG,5mp1eaC55vcSqB7GWsOEfD,7uwyS9q5KymDqbDdCOQ6lN,6AGON2BGdPmPMJGiiNuuwl,10VBBaul4zVD0reteuIHM2,0OuHKLe16OleeiVenZCy6C,6lCzAcWezcMroTYV4nZgDQ,1UledP7E5IenOcwl2oZaSu,1PoS49KVoppFF8RXeykh2T,07pJdL0L9XDGW0HBj0rIS2
7z8k6KAvjHX3RtkYNhIC9B,0jasbGRELTM14tJi9SxGGF,1KsI8NEeAna8ZIdojI3FiT,12M7VICbjYKBeIMObErGNS,13v3siPyvy5TTEZYmGPPse,0oqQHYZp2CpyZNwTC2ARrJ,7rUC7a7nymdPDjjqdO2AOz,3xH4yhksVN6bGsq5BIZPSH,4V1sxTLIM6lDwBwCXoTmoN,7ijc4vv1XTe7HRRY9ScmPD,2qQCU22yQXKjhytKUBxa59
42et6fnHCw1HIPSrdPprMl,4gRfV6SEd0cTqeR9ksrbIs,6C8iOP4u0Yp7NDlG4qKxBk,4YwbSZaYeYja8Umyt222Qf,7y06BxhQO0JawKdveP6zRr,0maGpI9zkOMONNx74cCHyA,2Vq3dVSEzQRppXisdt8Gty,2gclEK7L5PV7OX2ggxEVPt,31HveB33DoO9x7P3UvkRct,6UP1XUjfh31BTPeSBh7C0l,544ucpaazW5uxznuwVM7Am
6pLko0BJo4OmvbmPbLURsl,0nNVR2iDM3eVzEgMi78vQm,4qxnqB38Ilk0atKmbQ8UB4,79JMjG6tj2zvCDEukCSgcx,5nQZ8wbyVidzqqHwO4hUtD,1poxw7jN9yT3t6aI20PSmW,1zZrUh5ScQM5n9Cp3uKPNe,2nAUcVNxXpOTohdYdONend,1HlOGL1p6wlpOZatJ2NwFk,26wM72km5eq4HcQNzvQd5x,1mN4jJXTVcVGhaQ2fhW9ka
3ZLyt2ndLFBh148XRYjYYZ,4jURQLDdnZp6l3PsvxJaZk,2TiGHmGK5ZRb4AWUkcT5d3,6aCxdt2bMItKgGKoznDppY,0b1ICB52mwzNsThR7VvvMo,5y94qN0T1jd5kAwM7QaMuE,3Qmmy97WenRsXlcLqjEESN,43Y5UfhksjiZF3a4S6XDPI,0oBTL3DacRWAxLd6aYDscZ,3IycTdt7LVMr9WACOurfnT,3pndPhlQWjuSoXhcIIdBjv
6hJSH3jS9jG6khVclppBJw,6L4PjBaEjTxI0sOBGq8OQg,3hb2ScEVkGchcAQqrPLP0R,6lai3DmICTpH3ygJvteIGm,0iSFIw5MsVU4jDhXKbWZkp,5TpiJGUGrP0hNNc1KFHeWT,1WGguXX9FkzBHeLb5ISfgg,0rF6HOlg1LkkZJUyrvkt0M,0ckCRMoXJlEu2btukg5jDb,2QCRwmXF9zqMrg6qkw22Y4,6GBUsjHfZuweYf5lQEz6mP
4GlIlfwSYBNNbK6nu9HeRC,3ikt9XOTnVFT56RKJF7cot,6mNeTUJMS1U0fG7gigjejz,1h82CZNH3VRkOpF12PLQx3,7faYCfcXAnYbWKF7GaJBab,5wKX0xb84XdopiWRmFy8T6,02LAK7qT1wya0klSeNO96f,30OHypsTSIxl3NoxakZtbx,7yw6CspnXzSqxmXj4TxmJd,7seTcUFOhn5caSDbiSfsp0,7HcPSxBIAzVpuQEWAGralu
6IcrwGdIvRsrImOnoYfG9Z,3v8Ilgaaj4fXMIAhqINYEd,53Uxqg801jDUbParAo57WS,6BPHmElfRujFRYTzwfQHT8,5vyVckEUyIogu3Fq7J3lBR,2oIzeHTpO6cvgvIKlYml49,64dACCgR2MMQOjtde1LRCw,7snmvZMLdGGk3l9PcvoYSM,6PB5KrXHDA0mKj9kTpNSOt,31k336IbmnyKcfRxdMYVRU,1WmbJDE80IrPTt2zC416Fp
1RnDdNwGdqTMSTiZmSLYdU,0aIcFRGr88cGtlEJBuDub6,0LqkM34epbFKxQsjGa45ie,4onnw24tNJXU5H3c0PdMa0,194uD6fRM58ztn7Z1Mfyr2,2RBFBMGVHuOndJizuFkWT5,4sd1TWbAnVyFcFRgcBw92t,2sNed7d710gzx5ixRlw7JI,5sbnIf8UZTGmo5GB62EcSD,43Yojwz5RtkPZFVfs9plpx,16yqV3N7JTMVrHEmvsU8sy
047fCsbO4NdmwCBn8pcUXl,3P6pKqJXoFOx0G5avWSyRz,0kJv5n6rhE4nSFQk9yrD6t,4IYhUF5CKQ2vVegQ4MziA5,6vkmPY29nHhybgA8S8AyGb,2x6igoEkEGITytNOhszZI7,1Xp8MKmfoFDib6dHM6JF53,3ecTPG5Ays1lvphZyd6n8i,4TjguvIwQwPwHgQ5ofXuz2,7imeq3a7WVP7K5MGXX8E6W,3g7rd5sRggCIBkZpVfh6ks
48n92l7OnLEURhalUBtsl7,0lTqAvwgWoRzNSOV6BHLbG,5ptzcPMwbWLSJLPsHSarqY,6k9eT9TVUBtFjWVr3TnCX3,31cNfeFWpJYJ0rPeLTzXDk,1Cl9GnojeBw6e85PMskSdX,7MTZVwYiEahXQIyCU2FLPV,16d1p9c6isslFDhEg5wA3m,6v3l1ZTjzCtxbxHQ1e3rYU,0eiH0NEEWcDF99kmC9rHOC,5irPsbVLe9IYVaqVo43vpC
2RQ3fWFZJJe4G5KkHEACww,6aUhfNWYnMThF3TGtuYUUu,31HveB33DoO9x7P3UvkRct,2Vq3dVSEzQRppXisdt8Gty,4Vxu50qVrQcycjRyJQaZLC,1Df9kGigOmOSZuqeBb5iEG,2MeNSNQa0vSkGOq9bCrhmq,4gRfV6SEd0cTqeR9ksrbIs,5rX6C5QVvvZB7XckETNych,46YNrmC7TBEXn8qe7eaAVL,35QZaWQRkmnAVqBF1TLCxQ
2Bs4jQEGMycglOfWPBqrVG,1HQz5xSGE7aD1S4u5ZpWeA,3kGBuxGlnQrSozuO1Z9dps,5z0EDiSNs7l9C5cT7XcTRD,2kpuwCjngQxWoh95uWsXdR,3SSa4IyE9j5MbfeLqqfOtp,2qJkesdHu9sMMVFgkRkqhQ,1fPLarHjgMC9QlsHfPijbr,2KeW231kfBywyI8F9ii75F,7Fv8Qp3tTSbSS2VjryUF7L,6u7jM7ms8eiEIs2G7DANWP
1tjDRdlmAdvsn3n9hTLzNX,1xznGGDReH1oQq0xzbwXa3,5R08q0FbWLLQ5Bec8lQ3am,4w7yrP4RAeeyhfG9nJqQvS,0tLn5CdPkfUmz12hVE8aGP,33CdK2WiQfodCIHiXfgoLJ,6NncjnSD7JLEetWb9KqMRY,31EdJlJr0myVrjSzv8hKG0,0ZU0XSkAUFqHxiXDMU5FzB,1IRl6tiUYRS1sztSt0o2R9,3XabgBQYC7H80agKcAq83Y
2EM9zpAc7PVeoAydmbfVIL,3A4awt6Y9DwHBRuFDoRX5S,31Rj9PhwXtG0fh1MApDugd,0JeMuGSg1s2LUaVJChK2Jq,6sbq2AgHcaCIBzMubrW7si,6OjJZrlz7E1n0oVKgiclE2,7gA0yghKRzS6bOwPKeg0Vw,7ExcFxbzPZyy7KtJwxDmHV,5Kd5uREX2CcXvFigm5oMdU,0B3x40yF0GalVYyje2jMLG,5XMkENs3GfeRza8MfVAhjK
7x5xYW5W42OGPAdHUyyguy,3Z59zbAtByLHXYJGTa5tpU,7xiDKIBTyyI5c4HcZ3n7kZ,0EA0ty4sZqf4GjGO1niwZb,4e0V0nAuMtwmTD29s4IGJo,75JWlOu7NQQ7xTtA9xarPJ,4VrWlk8IQxevMvERoX08iC,7A8oXvjcFnGCmzbswJ0MKu,1OizyHGla5mKI8dtoziSVt,7E06R5jH4PqKXfCPofeDr0,36PQh1G6h7n9VWB799fXpI
44kq5UxO0d5jWB2EUaOJX0,5d6C23oej0NeuseXl0lj21,5qirEyQairqQcZ7ubCNLOX,1GwVi2ceNb8dMFA3DZGnnY,6A9nyMBdNUzVcFHZUEZ71F,2pIJnszhf8X8GF9KSzB53i,3a5WHbONZbyGEKkqWfXs68,2FK6vzPj87ouVnzrbvdfEv,5y8qfDDccV2kEn4roGPter,5c1sfI6wIQEsSUw0xrkFdl,6UNUdvePKmSO2z75I9i66o
3T4pMhHBQiDZMb8G9BB9QJ,32vbyo69yJq5WXyvHCF0Yp,0DvhfhHlIE4HqgBX8yDJz3,6C6NdYE6gBnQrLARd1YH8E,3Ie2eLOIj2IhKnzPwXrLbJ,15MrSwmcP8mjAldxtnOfKz,3uAsDg8m7tpWpAAdBeGXLz,6eKJ8mvi6Ol8aAKjAhYeay,6DwnAl6l63e83dDgIzY8P4,4WVRFif4gqrzSwEiABrbBn,2cuQvQGvXV0HGN7DWZJut2
0uLwWjN1KFO678WNJcZDkw,1BNUOtf1nMw77dqLFpGl9S,0fpIXr7pP8DBc3BGZMNxXq,5knrAEjUMh6T2kDCN7YD2b,4xuHmBO6hkasiirHqSN22i,4s8r4lbbUXF3xFdEXWgTrs,0muI8DpTEpLqqibPm3sKYf,6hV6EpITzeBa1mzq5tvqpj,4PbrxFKJg5rLkZ77vKhhY9,3AHhyUZZcKp62F0AjWJgAF,7tBZa65xUKMMan9tIMPqbi
6uFsE1JgZ20EXyU0JQZbUR,1Oi2zpmL81Q0yScF1zxaC0,271EMzkv7sRNbtJZkrtn6t,0mwbc2AqVHIziVGg3syEI9,21GGa6yivGAA6gZTPBPqMZ,3zyySJVPMSDF57tB7KbWlI,6SVY9vvrIalX0ESq9uZKsM,7s49Um7G06hq2rulrHPsIy,2UyQQjPjq4nA7mYivEkzRx,67yGTWcR72BZvsrSS2dHST,5aUmQKLTmVHwPMoyhgrd8p
4bvp72Ve6objdmzkhLUZbS,3txxZZDm0qKdre6gWRwMSr,2ZE3DJuizYTad2S4CvRRhK,31kL6SK7esUd0QRkrkjI8Q,7DfFc7a6Rwfi3YQMRbDMau,0c7iF5fSBYxCuwsAv2z4iI,1wKOe7u5A4vaBtX5uCk2OU,0N9WhEz6DiBDvBxa6uJCTY,0hYAAkIiFTxO0Kwxc9WObi,3nxgKa7boB4WjD0X01MXtJ,3JTKTxrs31akRzQPCs5sA7
0fHjOEiuTwn9bYpxH8PA3p,0AU2Y3o8THsAT3gFi41xOS,1WTMcJpdYwVeXOaqG3X68E,19tyg2Ons2b39L4QVPLq4I,5dTHtzHFPyi8TlTtzoz1J9,4RUmLxHGEoeyG3TU78OCLG,1hrfvLgEC9lci0kB89QEQ0,7gsXyvT8YQ9pa9jjXnilCn,0hjn4XvVGITGEauzy2bzFN,0CrJVibIdsL6mqmYI9R9hc,5axwj3ekvw85989jjO8Ov8
0c6DDLA4rsGGNXWZM5oZdS,7jlsphJhM47WjX00Znzoqs,6EnUOnOEBb6Nw6JpKdgZkZ,2t42wAZWVmtzX22lK6crPU,5DYq3cdUAMPqcDkSuJn0at,1pW5WKMoeKjCyUkbGBpQVj,1CusNEZHTyqLOmrSMQVOvy,2CtCwQhY0ZLvr8L2l8Bo6e,6v19tp922KYTzPg7sovNt1,3LCZcEGKbxaCm6jSPDM2Rq,6zYNJe7lggRalSwsqK8iI7
2as9DMML3RYe4uGiBpTvEm,7zuqsNtIkksF5U9OEjqXlk,4sSutqK9JRIqWDRBQ9zP9o,5CjQhRiKRcyasUsjvz3kG0,50MQJ5JmMQvRER6jZKlKn0,7mb6bXx6FpyZxd37Ldz37q,2busyK7jKVJaZN4Q6gZqKw,2vyae4DvSU2gs8OMOGwXF2,5KpBYmEiClvljtwbjEhIJq,5Xr3kB15eKqENAcghimU2Y,7FO6QgfJRKtEwZiYO0dIO9
1vd7NjISlH0Mwc9CkAt7Fb,5eeMft4YZx0Xdf9yJPNZJY,0QCPdWghcq1j0GKywG2G5E,44IeABaLLsnFVb7rjzNTzS,3caaA9QQfd9DvQKDcisbbj,392FDuDKlUBvXy3MGzZrsM,4lteJuSjb9Jt9W1W7PIU2U,5iBlfmhTE2adysnEH1xTOt,6EAmSw1T4RXN5xDRzQMADb,35PYCZLdGi3gRMdA26dZ59,4a4FUjIwrCre1McVPFFbzP
2771LMNxwf62FTAdpJMQfM,3uChwdX4EF10XOd92VGyiB,2PL0F8IOsqBKZJHZGG4gkj,0YlsH4ErRqatpyN5SDYzUC,4ntsD33Pgsgk8rUyZLLiUV,0ZgTez1pojM5aCxsV0hrC9,3a1JMPNEdjiePcDAZdG82o,4aAKEXWzFqgUgRgqQxODCW,02LZ1fGJE8fB56yTlCVMEV,2T4u39au5RJzsulMUpRuVr,7EUdsWV0Cs8nyTo4R5Ef9b
5l3CML2OnzfNs5RfVgbcLt,3lwrebzX6n6v4zP5DOqBKc,10iLGYLZ0AllsC82M9UPoH,0whCNZKidgBNhuPW41vYpg,7tpUOZJvA1vVnWh32SWhEz,5zvHLDt9IiLKY8sBny3LUi,41XCLKG0xl01mGprBDtTNS,6pZOcD2YXcCMWSqA0lxNtF,2geE4D64CCbuNo6edo8yPQ,3BhtGB6CjiLy9YFFM5DdVJ,2NUJgLlS286FCjlhnZelzz
2wZTnl0pPFr3HBcyXfOaVJ,4ogMtogPGtC1VwKRNiHymx,7eBh47MAQYFNYq0eYWvE5T,7Js3fr7pitL3uNAv3Hl2rs,4vDivBSeIfKym60ddu80DT,5kb6SkdQIq6eEPBA63oRag,4XnE1w7r15NzRlcw4URLZ8,67UOyfV6E4U4Dv34oIawfX,6AtQly5RWQifNlYk0kbtqh,6bYvDXrdNSbejfugnxggvp,36ZozCXSEcvsudnUNxeVsx
27PmvZoffODNFW2p7ehZTQ,0e7S689mFbBnIWTWtjc4b4,2Co9yCgKaaBFqvMib3YoeC,04spFw8MYyF8JtnziscOM7,5SDmNlybYsM6THpZZhKPWY,1K4GmEkkeNhtPFbuKoVbqF,7hncQi8sCjCn7ICpvAVyh2,7fq7ORlwjeorVRR0jhto3D,1QNqrsNQ1JVLEwncov3lEY,3hQCHzkE5oSA3F1xM8bpcM,3PtlDRj2jzwDnAfLgvqaSd
00ReeHCY0FQUyuAUyPJdnk,45udgBYzuYbE9bC4uKCm14,4CAmB1R51xO4jWaNvz1yuo,6kYTywTCfycHZcH0WdLyRy,1KAc4MIYOwHPBO21Vqtko4,2oSPru8bef0EMhF9tvMSLn,4nfn4q3ygnHhriDyYW6Fkf,43gKRT8hKDcc6Z0uoLIppa,4Tk0HMcMeINPixH9YfDixz,5osSw3tL07Tuid7AWsvYcc,71X7bPDljJHrmEGYCe7kQ8
4PXNWEtmYJMN45WWuD3zD1,0KhWFBvWtOmsvxjSGXRAGR,3f8xfMuHb4cAbbrsmz6itv,5NijSs5dAwaIybq1GaRTIe,3o1OKJvEN5nAnhnHhUnbCx,0kcxKrUvHMOYIEqjJgnQHZ,4vJC6quMqr0iLTBgliJKRj,2JIVtls9Jf9nAosUbFzbyw,6c5ZOBUIXmNRiocvlAeeZp,5cw7g1XATH9ghXX1Qm82BX,21ZaZwB0OcDjJnLbAuQkHa
4d0JDB59FxSLjLMJDXXrkS,6PGKE1mnN8d7pwnYKeUS0F,1GBknQ67DCfKTPms1dw9EW,5E6dDfNA1zpnRlENsFGxMN,1f7jHVJfKkQfJ3O8gSeEPM,2yhhcHTfvLC0HzSajGYL0h,5VQadsYeB2OSiFnz6IunEF,4zEzc7VVJRZQGprjs3uW7U,5MZb6PQHTn9mS3yGcJMWjs,4g2zbjbLCJPkNEJMcUwGoJ,22Qx5uerADKuqxn7nTHp1U
3FvLYABhLwyY7i464vnfWv,43XjiOSTIjO46kfpoC2LnK,3RBLfzw7SoyiAcOncA37De,0pRfOWb0VgT5o8bws4iHvf,2UPo89BgkSkZFU4fzz1XM7,7CdagQOcnsk2m2NlMyFDul,40qeTHoPrESBZEM3TPAYmE,4jEB3KAsjmNSQGQmQk4Ii8,4orbjP0tCRTyz1mzaBBNfe,07IYE3kTiVVutOqy8kwLil,6TXLjReAa05Ix8h8SUpB5f
1lnVncornv3zeLyjtwl7ym,2EThDSryDdW5AujnWGYF0P,20Ecl51K31i9fpFgF8d0zE,6QCbR5EILDQf9e5GX4P9aM,71HJuzHzHoN2z4jwParNfz,11zMsi5xayDQ4jdhiWI5Ax,7bGCAVtxAgNtU1NRuuUhGT,0Jejysai32qippv9qq9Ymu,4qTn4tPvQuYjK7Cpo3ZOOI,6BhJ5ZzxDoFJmiq9kyXnBY,4DphT1rljbJjbK9WdrR1zI
4IdXngKo4g5exqZ0fQTecu,67ocPTVlt99Nq321Z9BR0i,5MTwMBBy4VsDlkHB5vAyP0,3c06k9x6MHHdPQi3ix68yF,3ePsmfhb7hduvnDadoNNyi,2wKOlbWJXvvnB2QmqprjZG,0oDIAcZEMg1W7SDBUot8XB,20g7GNNbr6lSlhVGb37vjT,7stpeZplK3IUyiIFBE9UIU,1Q8jaRiMuU3gaWyQP8fBfX,0wcCM5x8dYBhp0LuKwqGAS
1LzNfuep1bnAUR9skqdHCK,6vRp1EGkh1SE7uGNhbqVjT,5TtCm24ufNn1ME9dcM5Iwc,1JIzFhI9Lt5FyslawmHCBi,60BvBiuP29m7XuSFrPCIDz,5kAmVEKmsztVbt4Mi22171,72zs9ojfqpew6KvHk0vpEl,16F1B1cTDiQ15WUkNulvNC,6WUjz18yIeTGDR1E69WHtf,5B8Lofpu4fWlOWC3nPrxmo,5KvvHQR3xGNZN7aq0CMjf6
3KtzpxgZZzTPgNfkObCndB,7iLRo8YaNjWQ3GFoIiiMqO,4HKnqV0oZ0kYJhnqwr09mt,1fOrdq5lDitklPno27DeHV,2pBNt3TiCLFmfAN2wRBRbY,4tgAPMUDpUK61R3UdJhxIl,2Xdatbm43IXEVi0wmKeJve,7B109wzCWzXI5LFvjXWie1,5Lt0L3Hc2eSZXPIOGWXcd8,7yD9okI4h3XgMlKQ1y0Ooj,3Q4WeJmzxuDpzMu9QjQqbM
7pYfyrMNPn3wtoCyqcTVoI,6FFLxBDwKXhvIPAu29TceY,5wh4F70PB147MGSf03EUwi,6KBD2g9nzhDlPdW7cbAEix,6A6PDawvZIfnJHW40sBHzz,2myYajO2Ip0zxKaXvm5YRL,28BhytLaKKJJPFvMg0s67w,2aEpBu1eLXTziWWLl4t1o7,6VaCXrotHjX1xgHjCh2uRY,1rsAFUCa6BVMgRQ3FCQQsi,3OS3dGnCvroSU680HjY3tK
09TcIuH1ZO7i4vicWKoaN2,3qaCR3NmuCKPApnalTy8Jo,6mEFvpqnzElavdz3gfP2XT,1ROhj4H32HO4PouvA86eCE,2KcadTCsWdYmejCKYoWNng,5kfeP9IBoMTBuF9oUGjybo,0ziRV8KI48IxSP0E5P9Dh5,69PHZDs3vVsnTpTjBOLwYX,4rVdFxNdR2lEkxrx7ctmE6,0XfQtIY7TqdPzowUopof7U,0ITIiVO1qjH8v4ZzqhAsLj
6eT7xZZlB2mwyzJ2sUKG6w,5X5e8H5D9SikfhcXCHxqvY,7HZWMTpFtEjNGsOZit6v8O,1aBO5KPwxqLESNTTJBR6VP,5fX2oPyLCe5mBKqGDbOWqC,2CiuGhZPtEjBAK1aS1oYDJ,5Ck3e6z1bcSCes5gdo0Ddt,2DMVfdxLhG8MTwdqhs1qA2,1vZSnCXJtFGaCOfCWyXn0z,2WQAknZHrJAEQOFXe0F44P,20csc1PzO2hqj7z7f0zaKZ
6RYvgoZ0VANIOBIjShqkfz,02UnamzTn2rySwzcMkq5qx,0odSHVw1dq2pU3KP8yUaLO,7tmRpTD2fwL3z7W9NGGPpz,5iFW7AIqPCcaeKGfaAo38w,0fhZQ8rma6jpUljj0KfHGF,3M0wQLZJueLEEnHMABnyxV,4VOySTQM7rAgem85lhM9rZ,7K0pKyU2oYG8TJHXXyEHGy,1DRW9bQzt2SE8f7H4KJZyL,7GKyIAKAXEt5W5rAzDCW6a
4so9pCPmLszduIuvfYTaBU,2E0fhpXbNfksy2mdjm57bf,0Ft6hwGWdCdujdK6TOfBV7,4fkUsaC0dJfHp5N1kIrZlr,6WXxzYesarK94olDs9pGSx,5vwfjcWEymt35TZV6puwJ8,4m5zY9PRJvqPRDhDMJwSel,3DcmMHy3mvNC4K9tx5M3Nk,7pas6O1LYbaeChEFQBhPFU,41kE0bBBpwPUZEZKxSIROh,57mKcbEq7nMqtJ4gqJvWcp
0RFKuagqUgR4X8C1QneCCq,052F8G0CyBPKf4sRIrSsft,2eD5bmknmcojiCxoKpvVTI,5E8YpBE5oaJCOjuGkL2IWT,5hLYFkl1CEKay2hKRbZSsG,0fofCTML9V5soXPCb08Qg3,5lsRkYiIerlfXMMrl4zkJG,44evfd3ecbM2mREYJKtrio,2C3Vf9W90OXQyyPGEqSSqb,3AxEElK3J74EwZR8d9AFXQ,1sFWEpf1aPYN576LS1aa4Y
2biwiYGkuaYzdD8QQx3ozy,129anhv14IOpAXP87K8Q9x,1BdoqHg227fkyn7LYC2mS0,6QvAqvSvkfHLzeIilXQ9H7,4yvbPyR18cy8DDcTBYKzCF,322E3pHVE4THhniKjNLTY9,674sCrgfrC07q1ZQFtas1Q,1gOEbMyphMVhTyZ4HxXQro,6wrEnhx4sw0USAzbpWNiuH,5vhHPVZaW0UG38tjB3NEeW,5AlhF1UfC7nYru20CPLozI
46rv0eHo3Ygud6DOqpZjGk,44S1vfuAECG4PkLVWaShy9,3enEisYisNVLXOF8WFpHBM,5HlLgmHL8qafp46jMtlxZJ,1xXVxQMLVBTpMrbgshuBvy,6B7fSAIuoPldGKIdfamSVF,3jJyzd3veiHXggoA9dnFgq,03By6gD02qhtvIQiK8KidK,4NSZz3qzNESLWfCqglnylo,4FX9PmegXGhfrEICEJDCzO,6lCGpceVZrXNymsfK4wsjz
7tGlzXJv6GD5e5qlu5YmDg,04DysC7XwYiKJqYwGM8mkU,3iSWvM80pYXlRibtpverjp,7i1WcWycZthlbU1nBKMWQx,0IIZmYolCBvZBRTFd9ZLx0,26uWcFPeunNydCH7rl7nyA,5IPFPNnfVpPYneENznW24i,60lwJa695S26FsYbhCVFVa,086ZMvhRgdzCGWFcBHGkQ3,33KzJtbSIQY3z9q3hfKnLO,1mObaffqm7cPSUUbNZuiNJ
2xG3FNv3pqFItlTOY8jhIi,00wBRJMvirudkGVbU3t2bm,34Dk0bzjsXFDluNOgCwBAM,6XGddj522FQRHXEhBtjiJu,35twAXivCH6fyZJZCSQbdT,2Uv4A2NoFnCNv1SnRqI5d8,0beAolmDYkT3alO8qiuMc0,3uYm4MtU6jUQft2DtGqEoZ,1QqTR1UmSZ6DashGs9RcNy,5onhXSEjtfXVe9mnjQIPzN,4O5GKVbnQ8U9BxYWu0hIug
0Q0egBtCgVcWe9xB2krgvo,4JgSe1LFKVNNUamR9XJE8Q,0dUAthvEZfEXS5YVhIIr7S,6A0FaycsgcMilTKX6psuT2,3Xu5orl5TQPE0dAbz3Gpf3,2fmbI1YSWjmyAEa8k7RR0A,2S4H56VjGVt0Vq27w9IuCp,1eBMKF9BrAVAubnWGlW3Im,4etE2X6t7GmyiuYLIdI8H5,35PM6cvBZnIhhheTQg6UU2,4kIYRtgbZyPzAWSFLdlajW
5gHwf3DYciXuoFWstFswKj,7wVcX3cNGYLstvbjBOubmd,7oQ09pJGn75oy9MIvkINWi,6d7Quwlmpyp2WHF5KQ5KES,0hnKWlrzEFKGniSSOnvO6k,72C7aUQECOhNtnD0AC36ua,4QJ58lQahpEtD7622moUxS,2JK1AI0SfgdAnmhieLt43Z,6u7QgyfG1MkMHRR5brWyJw,0lcWp2uXDDQul6oHa4Al00,5gqGhulIirrBGaRXiqKN4B
5t9KYe0Fhd5cW6UYT4qP8f,4Y3WqmBWmG23thvU9xEhMv,2yDQVcj26tpi9IUJhw9xDs,67UOyfV6E4U4Dv34oIawfX,6vcdiwrCVXnTLASFdjEV8r,6S39fhexETOGjnvcOOKSZm,5YVWbcHtp8MBSTM4ZOAGvM,1ojSF4MGbbjpLscOPO2Qmj,224ulSe9mCN6nobe4rBUEy,6xn4pdcd5HgiFPhlsQEtBB,4vfol2ekYlPgsH53tz9Wp3
2d6mCgK3KOvAs81JQqPI4Y,0HAr4QR1xI8nwC7VfzYidu,48vr34351V9Sz1QVxmbYNf,1uHChUcbuCvkj3fqyms0I5,5zokCGA9XxDurIyY9eeuuL,484ZmjqtvCBnkHTArQWeos,6exg0xnk6tDFvLO2Qf7kkK,4OylcFvZ6BjKUa5xSHDE7H,6Wn3pdFtAcnYJyJVITwt7N,0zPumrRBciVrVN6MsGjuhW,6eIacmhkE82vZlMDnGS7aP
3DXncPQOG4VBw3QHh3S817,2ZqFfDwNjKvPu3USx3onhO,0j6YwWZVHsIFKr5FDEu68o,3ktWkdvtG0CF0T2dEpek0H,2SlngbIWKyovaxloh78mqG,2tshWNlLaKUmRBXgyGk8Gd,1AvXCYACATfisRTNJfmZVD,0OMgDah0Nx3lmPzZ6TPVQu,5WgYwfnJIKojOG91JNu6d6,6O7qFEXmLQcOsV37wrgJDz,5cPfmNMC3AENizySC5oPu2
1tJkic0TURTCXw3rBhYgWu,25kGNSv0yGXZKaC79xzrvg,4PevTpnIWy2D1wIQZY3MmX,4r4V1wYecTxSAAXV11cFPD,5jtArYzZfkC43z2arcZirk,49AAJHpZb8WlDCcz21wdDR,0wpYoahTjbbM3gFwQWRBfL,1sMzaTWLee9CP7MbG2gPEp,2ts3IphpKcJkI9rPa7P0Em,4fMGWuUJawEldS0lKnJibc,3deidnsqYgdvqhYQAuDkUA
1yjY7rpaAQvKwpdUliHx0d,6zvh1pH7PwIib64b6uv7kT,07GvNcU1WdyZJq3XxP0kZa,6fnkSXzRMtwZolujZ4b4Du,2jXxUK7a6zVPStFSCZqe4G,1FSkS6h2UVI2LGAXlOYzcY,3J5zIZILfjaIXUefgCLPnB,6BRKifL2qaejHk0JzgS1v4,1nZzRJbFvCEct3uzu04ZoL,6IN67isOgaPh5LephrHaue,1NUVC9w3ckWfeS3XVqzb0p
4zh5t0dDiQAL4lT4ubSkOZ,00EfcDboIDLWzvPypeWGDg,1cAb9XONoH6kGAIQKE7Sxl,68jvkkDXNd6OzbSjf2DzyX,6wCmFdOEDuvKZ0cp8S1KqA,4pc01CAhGKx15PY23uPjHp,7bd0BC9RNR6GxJsM3pRwBw,77VvJ2hLeLKF7tNZfgmXzc,09W3YKEDiMFsX7QxWJm2zX,7uJYgdaNAwztJ1dCybVpAV,5Odtf344bQqUKFRzByengO
4WjH9Bzt3kx7z8kl0awxh4,6Ejit26Cx7OPexzmtND6OS,4mPIZVR08UUbqz2xFoxjiH,1kJtfldK9F7XmsSiSNlbth,2HPDOag9znPlaAIBDS8BFM,6MDijuuArPJv1vbp7K1x3f,4ixJtyygF5wIoIPFM3DwQz,6bM3GKo47KVgvj3gHdWS0U,1RJZLVGpBG9nNZiHRQSWTp,6wjPHuU9hm4hSTWuOD3Qgf,4DGRyGjqrVYl7b0TMMnjUc
2dxba9UR1VbdYA06n0AoqU,7DPUbGRbYdFsQSAnHaVTZF,3xmmKCqEPNloZT9myIx0Hn,4l1R5g85v3bUA1bSSbzg6w,2r5Y4sy3vOEAn2DJCdRGo5,1ZB2zIoc8AjSuyqKRcJgbO,1EtU16em39vcCVMx2mGpHq,7JKEA8xYDoFp4q0QBW2PGg,2QYUhjzK6yUdSFNvYRv1y6,2zkYg19IZMqoUmEb9NC6JG,05ZXXyeZFhZtA6DAP3Aw7x
7iL6o9tox1zgHpKUfh9vuC,3884MR68JMA2yh4p8pUEVd,6bxqzkso7nAs38KiJXS128,7Gpjs983kp3d3jXKBfXsTj,2fClGossFdEdhjjeYceaN7,58IL315gMSTD37DOZPJ2hf,5t6bYzld1vAXUEs9GAA149,67B2B6jic8U6zXSUSYZmLZ,0Ombk13JkEEQgIHBPnnzlv,0l08dcPEqNEUhymVBext8h,5gYZ8Ohao2cdfu5dboMiFX
48jewph1pCXeDcQhg4hldD,7iKuRuJYVO6Hwg3zLHuwj2,1ROFKXn8v19LsIN0FAi3YT,6b4MngtcI12gDFTcJM2OsV,7ktfd78UGbiVqqiWMz9gPE,4EoUqtXWpadQCiWeEMcWsn,0bDd5b2Mh9zDcrtj8dnYqt,37sijFfgFJRxDBrCqyD6It,2LX9coJz8pfFHb8AaoVhXS,6kRctUEvX9wU9Jp2rMrXgr,6fMIRwUAU2Zyb2IaMGiyAg
3rq5w4bQGigXOfdN30ATJt,02KGkBz8Tyc9TB2RqCd9Z5,297kL99O1dAFpm3UmtYsfm,6BMGNCRJnwuwp3UVVCXry8,0L4YCNRfXAoTvdpWeH2RGj,18mKKX7gg3P33K4710gYqf,6EKJsk4eQQkG7OwZu86Zpj,6Ujol3SMeZiWSAwTyZPRdx,4U4wBmE5KUP39VIpWMWGA3,5DM3OckR7zkLj1NKelCUuc,0ONsqhfWp9h4jgelqxD0Z3
0o9AEYW61Jb0dwmHlVhXk5,3Ia2oDI4PfuB4VCylDxXJe,7sRQYhc0e5qTtWlDjcPojq,36ZSqoEkEtH6s9FvVS9yNe,4QMnLNKNy8tns3DbxvovXm,6VAPVknwiYSxY2tp2mHgtX,7frDwJ4Fe57hNs0gtHAMR4,47A8V95VtSmfC5dgmklKXT,23Pau2HScU4QNEvm8ZPoPf,10RyVkJNuZFsJej9mlOzdc,0nnpq4874mlcAnrj6CbMHI
35CAmvWbJWztW9Hia8NgUo,2NsU0ifsSMgSPV8SqXTAGR,44oenYNFrmOCz85bAcwN5t,1gyee1JuFFiP476LQpRMYU,4hfVIGsNiEskkK77AfC2lG,0Cbm3uFENIjsl9aBmhzE8L,3FjHoB8A4ZEpCpYnxhzYV5,3oq5SXEWfKjkQITYWXfGVs,10yIVcDfYZPqNHeDC6yB3b,1jZQF0ANhqRIakGV7Hp4xf,44zQmgpr8TnYChiWHmGyYO
0cV4xwUA4ue2deqq4CZFko,6IDDwI0YOCAUDhMZltQekS,5898nbdfrfqy2c66TUEKJz,3qd8ToRNQhTPbuyDK9MDJf,5RoLLyMmaEG4WiVMlp7r59,39yDIZ5WpcwkFyjpO8SN1d,3RateSD2PJ9fGZzHnRmIAT,0lnBU6WuTCkQGiQLOa6rZ4,48UPSzbZjgc449aqz8bxox,6niRBdiIWLB8znJrsNvxOV,10oO1boXvXNUj51bYB6yOL
09TcIuH1ZO7i4vicWKoaN2,3qaCR3NmuCKPApnalTy8Jo,6mEFvpqnzElavdz3gfP2XT,1ROhj4H32HO4PouvA86eCE,2KcadTCsWdYmejCKYoWNng,5kfeP9IBoMTBuF9oUGjybo,0ziRV8KI48IxSP0E5P9Dh5,69PHZDs3vVsnTpTjBOLwYX,4rVdFxNdR2lEkxrx7ctmE6,0XfQtIY7TqdPzowUopof7U,0ITIiVO1qjH8v4ZzqhAsLj
2yg8X89PkLSgYk8CEqKmxv,4vNeJ6DoAlTPzoYO9W4mJH,2B00MZNljOitCgetHiNcxf,0zOD30TPDwjfECV1kkUkOm,3TG4DIA8DunfZJYxrWjkmO,2Rxr3Uqs20WtGKp5S9jDkR,4g64deYSvQZ4w9uGpYz2sL,4n7CgrpTQY2wRbIOCwdflN,0Pj97Aa9pshCBtZ590GwS1,4anqYZt4APNlFwQixpbdZR,3T1kPupY53JrNvyCTs9XjI
7BKLCZ1jbUBVqRi2FVlTVw,37RWVFJe2ZiR2eQgJuAVaC,4POseREDRhAGurF0Zzi9uF,5xDJfkWp8ufjxjJ6HDb100,3XeSglQyMXFTCxNTJ8SJlq,0reVOVRfasuyB6IL5cWs4L,5gl5lAiWZkHcXONWqmXGHj,3YmA3gZqlXl0MkwhkVKxRy,7L85xI5IqTqORHxWci2AbC,0nY3rzLQKWJO0ZO1ow8UWB,5p6eKTYwFYitUS617IMtyd
0mqcxeYg1b57YjniPNTtQ6,2o6tgLHbJNiYwvqr1RhEsc,75Q69chmd8CEZbVsA4CDMm,429ouUTiuFWsBDzS5pXULG,59nGOVKxK03Axonfu6v7Ml,5qSlhVXZwRtbLAvxMTwOYv,7vk9z8mDtENahFI8j1hsim,3vrWzM5eZF4wNJrBwyYRix,1UnWJs9LaTvSrDsS9ZGZlS,78fwfDXATeToJQucmt4l2i,3r5HH1PuY3duWI7tZH3Lyc
1UR0lWHLSCx2naiD7bq9FW,1NBlP2QWV6AZozvtLqk6Fs,14Evt01gsIZVICaK7lWA29,6wn61Fzx9XMxQmieLpoIhW,3FvCy00Wz75HmhlXPMmnOx,0u7dHmHJJCMDKeTnUQTsKR,3dQGnC60s397DlBm4ELzRu,4tzhJ6r2JYSxbVXz5mside,6WEd8mYhMd86b7sMdt1eqK,5hjRGMiyWmVSAwWvCMfKwm,2tVb4P6lYZhH3sCnnWoDTD
0BgbobvykXxEvxo2HhCuvM,5LQib5zP1yYon8b4wIzJmD,1WTfYEGetioyfqNUUqC7eK,6b3CWHNAKiJRqmgz6ZcWaB,3g5RemUwx9y4CjIcNIs2pp,6cqM3RHfZ3BI6zZVxh7yth,66wkCYWlXzSTQAfnsPBptt,2bDmYeA5ovrMJQJ9AR1Mxj,6IEl7yZz216g7vk0iznODl,6toI90xEX8PssRHv9FSVag,47Sz3TWSgXBtcytDs1MxGl
0eOyvQ2SeejSS0zJmLS4Wq,50cZaabiwOmgZMhCzU4QXW,60tCkPVN0iR3imlyOz6ypR,2jwhpvPPJsyKTKwIWREfTp,0Eodsilv1jAn83TGezUzaE,4n4dgvO9kkxk36ad9BDUCv,66OKhLJ2kAi4VjT8nbhBeX,4kBwdLjJxzqsBkr55LgFOR,03CG83FULo7U50k01Amvom,4FsD3qKGh2DMI8OPw2b1QY,2XtzNIy38KrHwjkqUnMO1t
7jqzZyJJLrpkRFYGpkqSK6,7EMcYcCcYFm6k87b8WrhIH,06KTcf9q6ef0rEYPgjOKl3,6RmVWdIGYI7VQZVdSD2adc,1tsZYgPcI6o4zKOXquLwee,5eZrjqnDP7bbcea1ckPDT4,6dG8ylXFMmA2lfzFT8GTZe,4n4dgvO9kkxk36ad9BDUCv,0DQEvC22c60Hk0nHTXVRSY,60tCkPVN0iR3imlyOz6ypR,2zSDqgv3A9x2jOWguSTdYS
31FIXj80gtNp5hjRPBP6xb,6BJXuY0lY0EUtSDCgkYnqE,7CtSnl58GyX2X287Q2Il0L,0Z2UOdj2uvGvv9tyoD6wYD,5hE6mgwyI0Qsco7ec7YeNy,2TQjduBPZ0KHriTSpNjzyU,04zxGiXcmNQ0m9oDXtwo18,5rYkhqLOD3sONhEompDbN2,69tms8bn7pYZck6hJw6X1e,6cO4FuA9q6ebHG6g0SsNQT,4SDo4af86faBOMzOH9u369
7aliOjqVEBd3ZZ8NMkuifd,7LKkZbnbonHlXxLedkGjMv,2iFqa5oxkAE3eJor4tVE8v,5C64H6dEsQ15bS9gp0D3Xr,5GhYfK0jevTEtXOaqCKCxw,40lKptao1hxVqA7fd1OOGp,4y84ILALZSa4LyP6H7NVjR,6637y1Hemjcr5v9xdblNIw,49oQf4PT5ONHU1qHvzfP1g,0YhEJmOYZoRdKNPbCvHs8R,7n438weMmNV8rnv91GCyZP
6yIMatK8OCXC3GuIlwHxuM,22k97IzqwfJvz1Fk0C5nW1,78rIJddV4X0HkNAInEcYde,1U6vG4PdV3XhzpRbhygqaU,0EaymGUJZKDIKMtLilWEnD,4fnctse2eIRf7dvOhIGO4P,5hGSM1NIumwLgI0Y97X9xB,35RYxfj2luTfsTAiElZkiB,5nIglqGvVyo2JNyPeW5ORi,2jGVtXggR9aUlGFkMVvYhP,4F7GcPH79KzsQfNphjtkGx
0YAXKShF4c57imTaE6eEaU,0UQAkAVNk3tubJYlOHyG3q,6t4mlyOnsRA5I38PAU1p3X,5j1iBBibOcgGaapwex5dwF,4Su76S1gom0V2dahFfpAm0,2tqPxWea6R4KNsAh3a2asI,15s020BUq1jO7wIxtfKuOu,3wMjZFTWdWSI7aYrRRH58Q,7M7eanIuxFd9IgaB8rAP7b,6XDBA3QWX51lDJ0oZbaJJN,1mr3616BzLdhXfJmLmRsO8
2GRSt0oQzEuSYq90tUyqqX,7rOPsPvih0DakVEkHWC8ae,6W2tmkeuHKaedHhdTPnyVs,2pppmStEtCFt3rhIp8MbeY,0xPaZrF25ltzvz1a2Pm5DQ,0NWqNXBJTpXbkI5rPWNy3p,5Ir9VEBoE3JLBFuCai8bH2,7fIQNu1CzbIZ5oQb3r2aBz,4JJjiHPX2OEea3xqIosBcJ,13WeUU5QGyF9V5yObsWlmY,1GYqqnr48nFHw2GENfdwsq
6cEVijjlJAxKJpJxZdAMOY,1HrMWH5GUdK6Yi94rbANJA,6Qng1hawspj0ddyexe0IHV,2jJIxT6WAIVWzDo3Ou53Q0,21IT20bgV51KSqedW9yFAg,3eoLBLxHBMqPivZTSqytLc,63xyOa6S2aJwzGcQBjwz8b,59OkvZEB9zPsEa6fQL2LlZ,0ikhyMXGBKSx8Yb18h7prS,4HlWk0lVYpbC2ztSA7nveK,0r6BMDtrxRD27iHu1r18D2
6TfBA04WJ3X1d1wXhaCFVT,3v7ev1myl6SQ8FUyFrzR7J,5ynWvN3bQymHVThxutO4hG,4kbj5MwxO1bq9wjT5g9HaA,0VhSbjd3HzN3WVtf3l2eXz,4gMgjHnAqhO6nUnV2n57Fg,4qjfQnccStTR8zNsb6Mizo,0WyFpxYlBCgH1gMXd26OOr,6YUUQapDEqBF1yP3iHlsut,16q5GBOj6jWjBBnFKI3BfP,1PBk2knn4anq0vaS5KGDG2
5ksoJlQJtduEkwQTo7UN7X,3qq6kaaIEguGyhsrlbUyT1,1lCRw5FEZ1gPDNPzy1K4zW,6ngLct6z0pCqJcevM11HDH,1adJzGd0tZMKKhEWSlkMuk,6ZAr80q1pTsHo4mJ5YiqB2,38oKdgvtkrumcKgctNh4UG,0gbvcUfDmA6sHGd1MpSFz0,0I4W2KgA6nBaphEf6g8DLE,6hnhksrWAA4OYYpKRh8Oqb,6HLciiLMPssno4lT4gbObT
27GmP9AWRs744SzKcpJsTZ,2frDm1v0SFNyeduw3gO632,4cXe7l3Y5Wv2ZMGDOsxfyX,1FTRDhCVvGuoOxkGtYGMiD,53nmK2ARfSnBFvhYXxmgGc,7EA6cdI785gnFW172RqsYk,4EOpol0K5u620R2OLfoJ1B,1RkOJtrrYNeF5DLVtx0CG4,6hJkxrPmR3B4snS0ro2oI0,5e7uwXMt0ztC3CeZNeMBMU,4Py2PIAlc4GZycOX4WuaAw
7tefUew2RUuSAqHyegMoY1,6HMHgBHdLBQ0QYIaOp2gse,2pzuU8vLaG8W1P31X65ZP9,6QEpDNz2HTEkYZSqcDZCtm,4zGvb8hxGLB2jEPRFiRRqw,3TVvAuSDzBuWDKskUxIqH4,6ZUGfLut3iSswZrsyeZ9my,78AucGxdmVa4Bx6HwDPOS4,2STxkZwoTQeZ5jxtgXsy9y,1640EvJmOr0kiryFyjPb0o,3WsyA1z7wwcHkJ7O1Cx6Dg
0BzDQgmeRdA4V71VhfBvXT,1QstbjmlSF0xMxGIdvhiGh,3dOtSH7woV0uUnEEB9ogis,07qEhQeZpeCjzDG7FmZtd6,0Fv5N0cHBsl4bzCbollCAS,1KLhUURHRl72xGO5A94lme,634enyZhLpXIvwqCPQr3Lt,0gHRyN4lTRZy8IT9YEU6ke,2ANLarE8yHVsLWW21nj79M,1nX9KhK3Fff27SnrIor2Yb,3veZxobsSBiBQ6sCs3ooUn
6cb0HzFQPN4BGADOmSzPCw,283JMXf4pnqIdQ58uOnzhr,3Xu5orl5TQPE0dAbz3Gpf3,7JiCaZ93B0hdj3XwFqwn4W,5RbOjQNjaZ6IXmWg8cl4j8,1YHd0j6dujBxtbsApqt8D5,3mOWWWhPTfhVU2IIgpN1MK,74YIEs9equLAMBJlAb4Xnd,2fmbI1YSWjmyAEa8k7RR0A,3mvmpyNOcyXcU5mKRWxLuJ,0VllN04g5CrogYYVEKBTIk
1klGbW5a9qTBFUjFfddbmU,6ayMcQjBp1RBHh6ZH6oQKo,6gk2V87atn7XaaAltdYsKd,0f09fLfDXxnUi0Q3ykJT2c,3dB42OEuVNiktvt3V5JRVI,5UZNhm49B9ZrunnSf96Nkc,7LczNODRO3or6IDXbd9sSU,2YabgKjTGCYB0ugcEv7Ppx,7wEnsCKuL2NxvOMLguNvBQ,5pzpe3PGWyUNvNDQ3eDbvG,6giYNaycmjkbf7UmZ6RGtL
0H8XeaJunhvpBdBFIYi6Sh,3Tlz8oufI9VaDUxdjg3BZe,7wjbSn8QHsxqKXU5M0jXGM,4GDhUzDe2IeojZTsLc3ase,5Bb88WRO4906ngHGMvkv4P,5MEQEsjrqdLjfktogmbdyp,0wIhq4RaIoO0kR0RrYOT3j,36G0EHyZxajeNwD1aIEl5F,2aNGCrhh1BtVcxNtafQd7p,672DOq3w1Dr93THZOebt4l,1UZOjK1BwmwWU14Erba9CZ
28tzasl2Ydtn5Yu1wYjlfe,4NiDM85CH85zSSr1Zz8rBI,7bD4oczHpW3FITPTbK3mCe,5Bpem61FgXe1A9jbOxP6hG,3uYpdm3Z6NZuFLsYFA3tYT,3U5A5pz3EsEs2XlwDhtWnP,6cSrlCelDxkWmKvwAP3umU,5BdlNemfHWJekTyNcsNBM9,0LkGD0k5jvnt7wHdn8ciKW,4XTTlU1T8HLfUo2Bi31Vlx,6QntleBC7mPkzm6JEkNFF0
5CAoIVbVmWl79KcZTlVDHF,0LN0ASTtcGIbNTnjSHG6eO,5Awn2ByN2Z9EynDBU9ZND5,5pNqq6pQGwREHBGJsh6Kj1,2erNwv0Yti7uirpIU8wbvv,50rimSSBzAvRsLxyNKyE6f,5nQCeXUXtTFobB8LnOCslX,0bopNDLq3CAKw0klKSFbYh,4XswuiN0LkcZVtfB3aRRtB,5ubzPeRkwUlJ9VjH1NVXeJ,4twY2Ktiam0ecxbEFka0sG
1c2XHrTfvSkoJsET2IdbaD,201Ewjpy5yGB0JqBtQIm3Y,33KzJtbSIQY3z9q3hfKnLO,3Vn9oCZbdI1EMO7jxdz2Rc,4YGz9fKCb02DbWYBXNVePe,6JY1IdkZGeIcPegKxjSKeb,63oXfvnKh3wm09ONxi5lt7,38j8KNWrWDL7oECJjwQbtm,0ziRV8KI48IxSP0E5P9Dh5,5IPFPNnfVpPYneENznW24i,05LoBwiXyb1sx3xV3S3tEd
570Kh4UbXETX4F0hb6GSfP,6Nr7sLbxiCdIqdfH58ggQT,5fQBa4wkmq28xpSLOQ202K,4V3VshJLUTCIWa77YiAkvM,7aRooLP8pQwWpts1BdhhhT,6TaqooOXAEcijL6G1AWS2K,1iGPdWqlcZnl3enTHaN5rj,0VKD63DmYa2ScIFTWGC6GE,7FRwvAvYQTgRcpZh6RDNdm,5xnZ1vqo2LAOge8DWtvBVk,4uCXesTcaUjmB4hv5jvuys
7bmqcI1HQwx1PWwYyZO0lg,6lQPjlK9jPN9oPnSltqDXR,49eAIPivcw5idA57ZWnp5h,0MXjWj0zD8BCWGlewpo1d1,4Y2oUgKIeCRkN93TUzFljq,0iwS2WfkrjGh4YjwxZdEcC,5A9AILetvfQg3LHyX5X0pV,4WJ6hxQs7FZewE3gNGEquR,0aE2QNfcx6be9bupv5984O,69LfSVCs3xfpwLiS6c0q4E,5VpQIqkrM7wVSuf0kFtLAd
2Gnsof1hvZzjE1xdLRpjtf,39lw4tu2jDKW5kf7HGyqmM,5gmuGEOnveOmrUn4YcplSn,5KMxFv7JYSsugBbaqx4uvV,3hfPSVSmYMJmyOVspUVRUD,58a6J0DhgpUYr8SUeUV5hP,6w6EINTodc8j0TWtrWHdm2,3q8tJKCvgzBAjQDo088EwQ,5qmZHOqnuKopAfKv8W61oN,7LyYK173QOgj389valYJwv,1j8bp1BNjMxUJV7nLkSUrb
1dSai9OivozIDE1H7ubRuy,3ue9zcwNcoYvFqKVjG0C6r,3GSYWQNnSdovwC2H8HpziA,3czAehL8sZyRCTwFW82EjG,7p8vwbbf9sMQbrdQrsmTlI,0hL7pMYm3WQhoywLYFdF3t,41WTP0gosjYD74B06uS2tL,1f4qeIfy99DBXQZT1YvgIW,6jI7y83WjuyBne9b3IvdSs,5AnszA1GMtDt8CFIWMnwyg,0Xiaf6VL8zbPk3n6LSBFG1
7bsnTsbiwOymZWjPF9v6Di,5n4Ws20sveldU4wt5UT4Ej,0NlyILZaWZ2euUP7JMKgtF,7wW30mPs351D0sutEXKQGE,4q6ohsQczyjwHyiszG4PkN,00aoFKbZxBH8vcfVAQg0HG,5o4yGlG0PfeVUa6ClIyOxq,6DPQpUlJmYoNcBHA48BGYE,6Q5B7ZHZUuFq0TtGOCDvlc,5rFPCLWRN7xAQmazDLUBMJ,2Bj2Hrn6oGnRWh30tUlsgZ
6onuhjuPtuPA3n7tiIZBhO,1xI7M6PDSXLll1dt9j2snA,2cqQQB5Ft23FFrpKTnXeZv,3IwEu1TXhVs2qbAGekvoLP,5LO17f9MJ78bNolNWP6yNz,5IgyeqmhQwYvaztSsPH71W,3myI1o0izYfh2z9JTQzCfJ,2PVqPbRv7mlCp2JYzDeMsc,0YFA0boMX3HBAZS1QfHKRR,3v3uIqHW0rAuVL6rZcKB2B,31SJq6bWHSVUYWTXXcnFju
3cfOd4CMv2snFaKAnMdnvK,4o9LIa6nN7Z90UDJ9pTRXA,6z2WRszNAq4YHlw3WuwjZR,5Spsu9HaYhflfAinaP8uk5,4p6cAXMndDfxWe6oCzqfuU,1C0pmryC2MdXfa7MZ9uIrU,7C1p70Zs3pBZEQGeWMF8sS,2AXfQUU2UNVKXCeJa1kuX3,45MRYZG0enGjDrQYuYJiNu,1OakwmqlAsweeecdYGqkXO,1Je1IMUlBXcx1Fz0WE7oPT
5t9KYe0Fhd5cW6UYT4qP8f,4Y3WqmBWmG23thvU9xEhMv,2yDQVcj26tpi9IUJhw9xDs,67UOyfV6E4U4Dv34oIawfX,6vcdiwrCVXnTLASFdjEV8r,6S39fhexETOGjnvcOOKSZm,5YVWbcHtp8MBSTM4ZOAGvM,1ojSF4MGbbjpLscOPO2Qmj,224ulSe9mCN6nobe4rBUEy,6xn4pdcd5HgiFPhlsQEtBB,4vfol2ekYlPgsH53tz9Wp3
5se6K8sonaVJGu1mjj6ItC,2lKRa8BRR5bZkSoQBE3yh9,74RMUkSaE5CQ3WRtcB6hk5,0hYwohkL9Hd6zQAJoOtBLa,7rb2F6r26kAi2Zd3WHTgnd,7jslhIiELQkgW9IHeYNOWE,5G89UsCT1l9xxV4bnBCowX,3qiCMx4PTadmEu2CEzNUHN,029QP3fFtLaW9B9RKr8DAg,1SGt65i9AnXYdDQt1AtDRH,3cq1t3pSjD7vt0n17g4mVm
4wckW1OjAM2z6elKQdqUpi,0cz7M4ekhYl63PTSNLyX3L,1AnoNTlYCt1ELWArtKsA4s,52vS7mJ0a70Z4uRCfl8SjH,0PxcoUrgHYxueN01gfbif5,2vONUoGMCBvAtLYp61GKKz,4jWuATmo9Iu1tdZQd7XyH4,4m1BPGuH9ztxHUGMrLGIeC,3t0J8vI9StQD8KIBkT2Cp5,6p5GuyEqQH5pv02ouEyogQ,2rOahgZsdF6W3oSIu3ibpq
5IMtdHjJ1OtkxbGe4zfUxQ,0eti3iRdEgUxwcIcN2N9DY,7bkyXSi4GtVfD7itZRUR3e,3J0pglhmozcr00hzOYx3xy,5Xe9fR4UXJj3Ljx0zPVwaz,50DhcS3oMTa3cmfENKYI4G,5WrH8dS41pIyRncq7NMcLO,65Q2mv3UlVi9eO70OpsmSe,4EEjMyQub6tgFVshlM9j1M,092IazQex0onRGlN0CQjY3,1qCAryGFpjNJEEntM7eKbJ
6i0V12jOa3mr6uu4WYhUBr,0uuu6GPfF36MPr6SKMHvuF,4iqy5WhpjvGQV0J85TTIrB,0rRGYJSkI7v2VtxJv8n90m,4ucfQOYOe1Jz5KqCfpGobp,5PaJfzhahL64dQ2JoH8uUX,5u7o3wXWJI7AN1b9KIf3m8,1N6mJLHAJbh95OvNKAydeH,5KUNZCIbb68ZVWnYEEdfXF,5gnEqyTtO9ssGiBUWYnKu6,6G0IrmMeu4rUlImxDkvxoI
0wfbD5rAksdXUzRvMfM3x5,6YYlupR6tR8DamM3gEXnBS,2Vz2rEPEUL0bzKC8V7shOR,6eWsgrQLZhLqy5VfGB9iFs,0Z0zNKgcPQlFCZCwUzgF1D,3LVmchiPyWpXNFFxbed5yq,7GGguiA9LkgFT3BZbzHjwQ,3WL2XCqHnfkH8GuKQsax8m,5A6eLUtU61x1U97MFyIaY5,78BdggICO42CexHs2v2sdW,0ZAbupc7jAQpG9IxojQ3s3
2eQOMQkStoRUQyq6HGh1iG,21VRDEawJlj6K79ffVDkm2,54vAD0iNT4pj8pyOnvJbbd,61QAuVvJwga1nghaSx8vLb,2masBgZDOTFiuUbKTa7AXu,1Sep0MYrDp4p4Io7Ha4fiJ,4v1DBjXexqj9YCvGKOWEY1,1isfCLjeSUteWZ65My3c81,6CSP4f1yEJnGdibOHnwV4X,3ETnBgfEFdk0z7vRW8UQvH,5vsURjn9dliJLwrpcpVNHw
4SRqDmPxYX0pUb5B5ut2Ri,39cpcnobaB8FdedVjHjXP2,7eEVBUMi4ln8mXDOcNjs5b,0yqby64XNHe6ayGZNf4E9B,6NyhBA9M6KK0fuVsojxL00,4Cdjtk1F8kU4u0vamJmV8u,5rCxTId9PqjSRJoJl3vfQt,5CnNGdk7eSeUDBBj3pGZI3,21FXFLVjdWXp4RNAGc4zZ7,7ixSGx6x6knvPZ8k3mKYAg,1CNaRVlgV7dagosAbbTQBA
391CwgcBxvUHmEKda2b5In,0c2DAekH6ZEnHhf8dM1leK,2UKdB4HdTa9xXuXQLrKmEU,5vHAXID1QtSRvbknqzODiQ,62dfPfbCMqvbQHbxpWBcYa,4x1UwGodPUkoJKeGhZijxK,3GmQBCSYmD0Bh4O0mky3gD,1Tr0MF5ubmogNqK3IJG64H,7pZwsndzoOVfUdCGZwKoWh,6J8KRB88OX9oB5zmh3VxVA,7HnrnleAqJXlVfhN5QnlQw
6uz0z5oMeC8QWfTHeR5qlF,3SwZtNcSWSxrXCZVHo2XSa,6UIjRyoVeii1LKzVio9sO7,70uFpDLFGH9DbDwv450YJe,0oWha7OKAqQwFZymfthIEV,7lAl89gYlUdAfjHtzw9PeV,6Dwtha2FtZFoMEBh5GR2sq,3AMnOVxEHUgVrythGgqPhI,22GcTTadQraYpzMdyKJ6cU,7vGrl9IU1ZjJZoe6KZ2TSH,186z5RPxJZQZUlmOZWJs15
5hTpBe8h35rJ67eAWHQsJx,4gmmRb6bZJffOOiww1JGTO,4GINkVQpXryhLFuLF0mrZw,0z0qRN3HNUCOG9y1R7umuD,1zCi4cVFqe6ja16MeGZKRN,08Y224BXTMYa5XOZCoNNC2,37bSkNc317ZGC7u5KPq5J9,07sOl7WsmCaUqaJaRn9Dss,1y9WGfneldwNla7V23z1Xu,79O3FLu0kYNhuVW2ARyk8q,539wfGOsGcRmT1IBVUfiJV
6DNtNfH8hXkqOX1sjqmI7p,1sMITZNi9bGcXH5r3I4iAy,0F41kOJjlPn6qsvILkfe00,6tBdTwcyyGq1HU3PXgZK82,3bFbo1lUddyaew01toTRID,3vwTNVxHRpRw9Jr4RT7HJF,7pJgjBf82BrUQ3z7HdQvW1,2u2sK0WYE0xqM9N4Rm3Mph,7G2geGa4gGfvq8Qa7rIOyQ,1G2gMKvtexF64ti7tJJBGy,7ohxCJuCDwDn7DyNmKveE8
6bzwoiUt0s1KDOedyy4OtQ,3YQXkAqmNFWfUFlL3HgMbS,1wXRwOyeL3F71EnXDXRwQi,6rVujfYLm9YmdyjV5xTgsS,3sz2fvkHUhBip8r9i8HqeV,5HzkQWWMqkSlQNuDiM5AVy,4eAHf5P7axinNfty0n3K7w,4ymByZAPRqTlyJASAoJ921,6tM92jTYa0wNEMI4kYLFkZ,5R1Yy59gbE3BFMyAZBBWOs,3fpTMuD1u3gJlVI4FadVHs
5tz69p7tJuGPeMGwNTxYuV,469GALlMLfWOEN0qkhCFK5,6z32PqAvnLBGDD2KinNn5j,79iMXX6DnqKvzWOATCxCNT,3hAISHuncayUMztDDvkwmS,5mgQRhZv2SKU9LyZ54ctdu,0NPcy5oUrjozH3n9CzPfp5,6bCWwWOyp6x9CvXQSCoNXE,2U6hcDLZHYRSd9Up0mMe9W,148iKYznRW7IcRbSWJm8ZK,0BiLwDKeYl59RQ1IfZQkPs
2XMTqoHHSH0lvuXrvIEdco,45mJSnohybe5FUD0Zjv2k2,71EXLKTSaMfBnbZEDN5ZDC,4mPIZVR08UUbqz2xFoxjiH,1kJtfldK9F7XmsSiSNlbth,4ImL3v98u2BLkwnyQDjfRm,1lB2kyB5h9ceZ388GBfC9L,2HPDOag9znPlaAIBDS8BFM,7cGr5XY2pfj9b4UngCktG0,1W0YS64vF9qgMVLuN76aqg,48PcuqoJzSTDbGTyOzoZt6
1GLmaPfulP0BrfijohQpN5,7GCNh1ibQiae8aimaEUOFq,6HZ67VImxqr8aMBEEhblzf,7wSN9PBVjYLHokbdGnPOKy,1gfwgzjAxaBApDZWKCie6H,7FrWHcDVH0Rj1eBegLrqjC,5VSAonaAPhhGn0G7hMYwWK,4uip0lLkMKl1nwchsdXs1r,4VJHw4VLJTx4IC0xFQz7Gh,2cKCwfztCCpCILaWIBUS6I,0A2rkuV7n3J0XlM82qsEC2
6NgzMFIn4sdhXXm2qqpdIa,3sIVBXZR9GSIuFtq5axSmG,4CN8mSHY0kgBGLQ0xiZyzB,5UJ0jCifH0eFU0YTtEbfs6,2hIWQKrt2360ogH8P5nFY1,5ByAIlEEnxYdvpnezg7HTX,0QqHsY5aaUoZdoBF4ebe15,0jdkdbnRwNVHJQ6zL84pQs,2ssVdxJwY2Uio4qtrd8Ynb,7zGeoy0A1F7NU0wgI4mqoY,15Xdlu0QaiEy3YFTf4xpUA
5mkGfmJGFZpwK9nA5amOhv,1AhsVSzy9ptjkDYaeZS7RT,6wLubfqFg34eYUpcqpXyo8,0wdGc7K2pSGoJtfwBxeGDn,2ZIHKdsXfOS3cZoGRD2vGL,2MD6mVM6glE9fsF7f520Ml,520WflEt0pOlP7dwO64ZLH,0KhXVmAN4sqeEgsqRd39f2,7JjbREOngE6S0syefNPkIL,59FC22eN2Syt9bbv2d6393,23tViK1KdU1GrIcOocpF4f
40WxFAbt8UEK7jKLmIxRNY,2rFGMaLvOXxjRnBEdVdbHU,5sqHFfmw7MMc1L85BN8802,2nby7OWwEwbbTiwLMYDjMW,7olLalvjhct2Hb4KiSjvdN,2depzNvnAgMFKYnm3moXIc,4E7QkOCYzWYb7trOJWsYuS,2cdbFYFzeCUL8Tx9yyc1nH,0u7xunyFr3pIiHAMNKDHAZ,4eX11XA4JA2Lx9EleyriMD,5qHAeYX4zE8jARfqlK5Oe0
2iXdwVdzA0KrI2Q0iZNJbX,6qLUi6snUNuG7qdAAFgGYU,0x5xE0docLPy68TYjj3xSc,0LbdbJ822xbP4IvhrJi5Yt,4Zx94i8YDpPUY1cyLdTWqr,1MsBRSbt5dqJSw3RxXtvCM,4RIgsLTLcItSR1JdWW0YQz,0xttiPFupzuj0a9viBV4eV,6fBn75MoTbGBR2Pyj5Rho5,3a2MbZSw3NGRWHqsCJ4iQj,0mQnLhHH5WwRc5gtnzLtK6
3mNecsYFb6LQg7822DPXCP,1SMve8RRwhfTtAiWIvYfAj,5cxp9kjCFyJwzv3lzeX7ku,6ah6QUKnTxBlEsdUSWfRoW,2oTH6X8DjSwmTBoAolDou2,15Hiq1F7mbJuL73hmMY1HX,4BPGAt5Q5IOQIqBPEJdKTG,5ye64NadJkW3uqpFtnVsky,4aL0a88FhLISWmvanzprnA,5b1dtiXVrYE5f4plNkE8ra,5kSNrwNgOuR5KAhntOBpLH
0bCMhQX7zuvdvyhGWyRa6N,3JSuVjEmfLxtjpggTw1v8g,5NcbKnQoLl4ZxQx7g9cYX4,5MyL5m8NVN1vSVn7AU7JWN,3NqBjcIhbCy6DmHAEk817o,42YgaJLCehufTbH2orwBHM,1mVk0PnLLZFzN2MFw0FSCO,2GpdyqKj2ir5gkt1xANRt9,5IlJGYVgoHw5098nmvqLUU,1ku4L6AywP1gY36BKYRvg0,5waW8ZSJJJjGIdRhfbU5Iv
3MoJoDStgGIfFEGkRzUSEB,5mdjfBsyzl78NQI4sI4IzR,0AY6UDs5EyeW45oQkEpsly,5AYvO0er01965UPT0FwMCK,6FyuXQr3BDEKnD3hTxypEI,7bUDoZirLuxyxQEsLEQv6s,0Uxv78oVElyfR2uXfGAkE8,6AjznBCgVaYESh8UHsHpDz,1pKyYHBjrD5X9HVjRLM2oj,0ad3qq3xP5yncPu0IDnrEA,39KG4kom3enSx4GTThuDGt
5f9iiJV4M4FmPbIGtxwoeM,4mdyVTV7Tr5YDFnD2kvSM4,556fETibluMiMzsMpqhaiy,69lU7tNQBgx51sMST3r9tY,54fz2HXGx5hPQdi3kOOeJZ,5dl1xAnQE5QL43nMTuR8dL,1gXcSIN5teY3DiFe3UnRzr,1TEtGpU2sEV2VNjz5FClU2,16r1QQSZyS2qAL9Pztr5Fa,7n7wvN50nYgYAsB7iPGz14,4jzea0vyKwayQSb5HBPB36
74HX1HcsR135apNYpHUUZj,5rnLFnHktBdmpxwYXJXyQI,7B2zU9I4GLAovGueLPsUJU,1lguQJjlNrIOoOylYVZN3M,0Puka2fgWj7Q5Y2C344L04,2GNF4uuymIKVjqJ1xxYwu4,6CG9h12IPYyqGBNBp72SuR,2AwHZZUf8QLreMWUrgR4T9,2JGSYOFs3qNgd4hhvhrkf8,6w4LIVTA1966CdmIo0yG4x,3ExRMV5iR7VGGQOCljcCYE
2aDsxXzs55S9I7THzNoHdD,6M6BCCpdNlDdtOPDu0xgM5,3hRk8pqvtjUVDQZ9FyXY0j,18B5yQ3A17I4z64h9v3OhY,3Soiu4RSh0qh5KHgZG8tzD,6OeglDMxrFvhmHxegrNLz2,4ibzxSKw3a6rtIorruN5GO,0VTt0O5mzaHYANKeu5h2eW,7vmC4xb1DwApE3ZmWRpWO7,6iJ0ZVoJK3E1Byn8Z3XF9R,0npGoOENjn7vVvIMmvWekQ
4c9FIjxXYYEyD9iH02fvbu,6VhlABJh5uaZOpyyi5wute,4OXbg79dU25xStMmSKQvun,0s3CbTfT50kvgwkDQob5JS,6FSW1h15QvnlSumNn5s3K4,3XrgGH7f07xm2PzqHCxgIL,55A9TFu2ne2s2lU83zA4rR,7JSdsfOoM8ueAuqPOrjc4T,40lXnOOfN5SaLeShbfNwWr,27R3h4sOHv03aWMwNtu98L,0oks4FnzhNp5QPTZtoet7c
3HBn8pPhSYDmdahti1k3L0,4ZOhgKxwJA8F1JsoAqMWag,2IPgx0O8G8fMLuHak1fzNg,6WpRgphjsnA2i5B0dEkWp1,7wM72pPL5YmVMXiLqD1fFo,02bp2Aq5cFTUfDnOYJxuuL,6geJhBG56BPyH1tG9FvFoO,1bV0MQHy9iO1QoEMQpWIiC,7pQK5p4esbVIzuXI5dATaw,5GboR2J9TY5MOspdDd3PX1,5J0YWhrGE3bE8ToQPlu89E
15EPc80XuFrb2LmOzGjuRg,5gx4JbNdr7DSWQVkRw9UDK,1MJTZerhFNNle5IDx5yN2z,6dKIaBa2KZBcDaz6wmzBnW,2oN4q66KUcOnWO86FVyctY,3HooZZPp0evFShqaJ2Pwer,24bkQGBiQ5JK98daJknUMa,4V1F9rzHuRmgwhQYOOiDhN,0Nw7rj504Nw4erdXwaSOY5,1PuBKZbBeFWc9uVvUjUuOW,1MJErNPIQUoEMu4YUUmecm
2uuTo18bRgXj3RvlbZKMvU,70eHX1ZLxEmrydgSUARtJE,1F6zTAlf4oTW5MojZuYj38,198MQwd4SASt2PPGbtHu2I,6bfnA0cwvc7xPoEGiMznnN,5vRPXm59z8ewWO6WiJHg3m,0Iz5oWKGyV6vo6sG99pNh7,2DRk66DsTtDrUsCEOmvQaq,14png6AXFQpm57JhqgmjWy,4RDlg2AuC47T0MvmRktggO,0DDobGXXqCJTxQVcwe2lcq
5r5Lj2MkgwQJz6TaBdL865,3E0E6NKYsg3NyRCbJYVZ6B,1AMCroLHu9Tho2lXzKaUWj,1ZT2SegEiHQz8EeBwe3TH1,63fKCxwRWqvp2Z6HQ6MHXU,6Lkm3HUB0wKn6LJqxnuxgs,0KGWGfFDNoVVGOPvoFZw6w,2gxDlAppZevaPYsJO4qYZs,1wQPcfKUzpzrf6gcVqQh04,274MZgLPETnYJAV9Fk3sR9,0iKvoS34v7uybtIXsOqvon
0CAfXk7DXMnon4gLudAp7J,41ZVfYzfOD4b647z6xDdvb,3Khc2XyEiu09xnCiB6jWUc,1oEW27lEGZZZCF3A9Jb8qp,4IL47uKMBf2ZA3Z6t0sRN0,0tmpGcyQNbbEQoLFUMtV36,2UyQQjPjq4nA7mYivEkzRx,7s49Um7G06hq2rulrHPsIy,5GCHIX55yivJxUZwn5eSqw,79reBHqpRoWXaQbjBBY3UC,1CHfe1H7egS3zH3XOzZb6u
5e3YOg6fIkP0wD5TyxcHOH,2ERHbxlOS0AzOfN38asUr4,2qMqEeyj4zMppe9ygiZLO1,4d2S4TnoA8QSTsV4jsStWK,4w1IWyBZyVljXq0KZ7yqkp,0iQ77tSa7ncj7zBPtVx6cU,4jmADw2rRriDjzSruTySZ7,38GuP87aSI8phjYj7TzZK8,1qVRnP3NeKUGkSS5KsQZzr,6OZPl7bOm8EOshsVmWH5W8,6xJHckIUGCZceh7HPP8ux5
6ESXCUaK7TTcRuw1GV6RS4,6EnndJ7CkSq8vdw3q1AIFs,2fQ2iALVbAZ7MkH6PaaIJ6,1kgdslQYmeTR4thk9whoRw,2k0uuop6Kik4p4tswCUruW,4vj1PvCtkB3TnIQe7ye9Px,4EGaV2GUMZk59yHkqDi1R3,71dvxqSL0JT3J4Uv2WdPJx,2KrY44hritgXernuDCj7JD,7nQjQiS6SF70UlFcRjz0kz,0EHYpxBfMuT3hRroNRvvAq
2RwTzFyHkltHddSDehw2wa,27PmvZoffODNFW2p7ehZTQ,2NYYUTe0vuU5Tq4smECz71,5Ishho8v0RByxxF9qmLc27,1mxNtk7q1UndtxvUHhOlgj,4rQKBjSOixDZxspUiveiRd,7cLZLMEYbpG0QrcMuutNXX,5gq5Nd94U4gkM9ZhyJCbHS,1DwVzIWqkCVXByrjkcZ5hT,7hncQi8sCjCn7ICpvAVyh2,5K9Wt11gFx9SOD0IsJ0nDZ
0qOnSQQF0yzuPWsXrQ9paz,4yTQN0qUifK0NyVhVOy4sL,67GLqmXaW6vf9GavGj8IyB,22BH6K8RlpwNzIINvWS4Jj,0afhq8XCExXpqazXczTSve,0Im84bX7LT7FLt8reDr9ck,3ut5Nkw2Hbv76fpzmujOFp,0anHUTszvYlQy9Oeuxb8Ur,5us4wscpbjc41SouF1rSsq,0jo74GzG104tEIxTGaI6kJ,2bYxPxJ9B6c3AX3tFmcGsG
4N5LrUf45OjWhoKGttgBma,6kbZr3NpwibLveHDowTgw9,4qPUr4knt6uTDOLVrlS22F,3atgxcFFXR3y6o26TqpELk,35o0qCrFABRbt5z6R5jjiG,6SpiFBcx6AnV3hJIAH6dLy,0txZtZHtXhCtA85Y74495u,4Jcg7RJGHyCOjvALY6NAkx,2KfkwMDQRIxM9L2mWB9Edw,1ZTt7Y3qSqOgbYf9MZwgCe,7yJOWmyuu25ynuelZs8u9b
3UmaczJpikHgJFyBTAJVoz,0rLTNDbFgjAKPNPoHMQwn6,7t83uuT0cZpQ7M6q9ymtv8,7GQZYpwuHfcqobnXjUaI7g,6drZfqIsfdnDRR08fHqaWE,4CkvAd5aMYVXSFZkNdpyCK,2oMOqX9k4k16odibNkYyrD,4WVmZND1i1PuqvqA8nzCgm,5TpaWJKnuyA4MjzAbFXSTQ,0Jq1WkEsRsfJyeO3Kj2sCy,0KwR2yIvknqi1V9BUFmZ2i
3lSR267IJfT54p0Gfuw7mi,43QVkJAOrS6FJu2DQzpwY0,634enyZhLpXIvwqCPQr3Lt,7aXuop4Qambx5Oi3ynsKQr,2LvRR121MWFmmEGkuV2vQP,1XysXFKodzG5UNQ1irjXeb,2M3dJRBiqyxi60YiuWziiS,1saFrHq13LcAjupeNfX3NX,0srwKuJPH8yBzzFUJMBQM2,1XOssA8dH3vNMAfWbdrWlg,3kuqCj5WciaBaFbZ96euPd
1lEk3U3MzbDeL5MNHkE9JU,3UjbaE0jxoyDNpkdOQ4gSF,4jrCMOG9OPe6iF4vWFxatb,00ImpwH9YWMFit6vJWGnXB,1AUzAbl4FvLxqpzK6SHZG7,2zY7R52IxlaY2CpnTYBkcW,6yeadpKbC53NdQF9uLBw7A,4gVDPXt2FNto7HIUaearyV,2iT4QFbE4qaQKj4l7KLB6E,36EjGAZQMh8QFx7gdESSgr,7qoevFlh0HPPt3mJXoTJoZ
79UkwNmKHkJ9035zgeoRqb,5Jac5r26r1HkpH9Xv5zt7A,328dqlTGkTgH5GPrsQusql,5xsITcYA5G7y0tYRkeQoHt,0fBSs3fRoh1yJcne77fdu9,4vki2ZJ25DbvqR2R97rCZw,4QsmehSjMFEZe9Wdd7qHtL,2mcTmOwuU7TlvgRnKMt5ke,5x8LLwSZclrtW6TW5WyBAw,4IYhUF5CKQ2vVegQ4MziA5,5QqH1BOXh1JWyy0M41Dmw5
505c7cbDj3gozb7M7e21AU,2KrMF8DGJrhADg3rPtWFZy,2auT1Ylxl8zIc2NjIq2axA,3dy327iqcCgACEqUYLZ5vz,4gkl7QbQvBd3TM9PhlWFkI,4hc5yIdhhXdQlh2RHI8hMC,1TKTiuD8Z9b6fg4l6tbRE1,3eze1OsZ1rqeXkKStNfTmi,1XVGzJOFU6m4xpsvKpsZs3,5AnVuHLmgipXkFmBvj2Q6H,4TkGhMYlkcbxCMj3pny9mU
5qrzhg9Fmu8Amg2uMhHfe5,2W4VOh7SNDK1OFzvT3H3FU,5yJ0kIxrrYra3QexH58UVj,0nMdeiHN8PA4TeaPwMqzI9,4EOJFq3jFYJuI08FLK9A9i,6hQVmYngiUvsj3Ms8thiCB,6TRVvpoVFwyYyIGTFh0Y7P,4GTxMAvHokZ0SsCR3XVin4,2DM9JVZY1Kl2bvxWE2ifqE,27NUaTccqswtSOoYJB1FY8,4OMKQBq51PnjZz042AghkR
1ahAuX3F6tDdNRfMdiLsv6,7DJBy7gCXi2NkcgoIvPLcG,1ANYHWUz5NqPu2EBALGK9Z,0Kwu1D6HJc8KCLjTGCB22w,0SPFAn0SQcH7BhuMU5im52,4EfN6bixdOOgoLYR5C4cWo,6YETaRtQQygeh5Y0ymxNhB,0c5DGlW4IAy4IRXunutwM9,4QubLlsaYXoQH3CxGxuTry,0pJCRtxPKV8yiDMrM6ciyQ,2MXyJVZrt1Nd4ENVJ4GVFN
0CNjoQozZP0mB9rKVdrKGx,6sn6dIyRwH6MEwcoYNhzJp,7hOT8pFf1nuYDdKXNoJLhq,21pdFnn5TiMQDen4lNYHEz,20C3a7ZlRE3rOHIoy4iGKu,0e1Mjg7pA1J1f50W9kG63N,537yoyOtTPCX4I62hpL3zs,5Kj68TDGQq7yuJ1X6X7jpJ,65v1pHe2SJ2wwiNsgkKGsi,0AQ5mCJArbQvg1QtAJx7lo,6ySqRBV9I5hP5jbrbf8qlO
6Knv6wdA0luoMUuuoYi2i1,0ZBkSMCE1J81pOVFUNlQC1,4JEuofcZUBkGV0fAIvzb61,6ZDk3PGFkRKGgk6aSkw2T9,5BxFAyD9HNbLaX30aR2S8d,6IY3cC281mz9q0bViUEldz,3rBec901wnvokK97xjoKlH,0tdXSXkovsILEjciXkn6ks,3szvHKO6zAhjoQgG8SKyVu,6RVQ7TTBLVPEJnB2JJHklY,1rIKgCH4H52lrvDcz50hS8
2Z2vOukzwOgqR4dkymRSWd,65i1UPsUtPlEVzewEZR6sY,76AjDbFS773Pko4CX6BJkR,0Se1ajfYEa51gkPKV5UgLV,3cW989C4C6FZ6IzUkw158j,5EqjEnNVbolSj52gNf7fFT,34fkQYZUIXOsI2xNxEZbTO,0JNTSnfzz1CynZ8EhgsptS,0e8GpLQe2GVahJUYtsSJFg,0nikSi9EJsUlgxqO6za5wH,6Hx7kdHB9kGdxnw2EwSx2V
1ARJhjuI6TNYZCxYygFQ4F,0xzK5pRGE41sZyRcMESzTO,1mdRRGtT9LhpYDimLm3PjF,7MmFtBKm5QIzBhAC3d31jv,2YnZVGFZL9xf3TQIyOvSYQ,39GC2X2hVKjShQ0GsbZfdo,4UCCFxmxibiK4pBvWy4GHK,0ZEK6MHn9EfZtH9oaxLTgG,5b0tAONE2XRl7ZvMaxiIbK,3EhPtAPKPFX34uDDhiWquu,5hikFSQYENa2V7hNCKHKxQ
5kNe7PE09d6Kvw5pAsx23n,0zJBVh81kuPLo8ZP0Uvqli,2gtjynFDEelaYaxQADWlo5,74mZKvZcZzzvbOnt8NfWda,2BVyCBKJYlSdxic0yVpJ9C,1S4fpfX2u0hzFD9vb6FEB6,715PN0IwoE5eLwvJZcDmhj,6JvvA5rahJYvzsQqEOLswL,3e44jPHjpH8gGWWD6Ey4ih,5UzrHG9CEDqnTdo5pVh6Es,41LUI2mXScZDjIZWmvvWpR
1NpW5kyvO4XrNJ3rnfcNy3,1wUs1F1JOx77zKoQ6zfts9,0i8JFpqe9cKwnrcvoNgl1L,1ahK315K4e4y5SZi1cGiCR,1SNoSoQ3JZldOhzBY9gw0n,2bFwAkr1ZWiCJYHdCsFolZ,6eIacmhkE82vZlMDnGS7aP,5Q4H1XkVHxQjnrHCUpS61d,7hF0GPfgdNTjnBgE3TDXm6,2igkt5sVPBzrLXKWR98rFF,484ZmjqtvCBnkHTArQWeos
2aoo2jlRnM3A0NyLQqMN2f,0nnwn7LWHCAu09jfuH1xTA,7mpvc57oy9vGIMG97Gthgz,5kSNrwNgOuR5KAhntOBpLH,5zsYl9Nl4kQmPSjwscVASJ,3ZDo187bTQKCTpz8De8wuJ,5KjgV54YbDmvQYU1MdOV2d,0UVtdmhl5Ds91x2nnjuzmi,6dUfUi14QkuIpGA0GFFPyC,6OxUIxggsmcDrJM1Zd8pwa,3HmHQjjApe21DIncYhKIg7
0K7Dd9DP6fvOl0mrlX0aUa,4QFbZ1cSkL718J6A8cMJdA,5rmtLKzoantc82TnTVdq8E,6qoflwZlr3RxB3RiH9GRuG,3xD7IyUPTR4Dq5VBowzjr3,3coo3owJc1bPjGJ5iHeObf,1ZgfAxHQCXLt8o1VXEHHAt,6w5qVJZWQkEFEuWDUWD6Pk,5gUBKp6E6BV3hz6IbIiAoD,5P5cGNzqh6A353N3ShDK6Y,3hWxJGRO3noWNCUgv8blO6
0jX7GLf5pVGZpchy64sluA,7qbHUQWFTROpJac9eKeABa,5rTRSkv8eidWa7VLM84VW9,7pPLZZRphZu2hxju6oErbS,7g1ZsTN9LkIFn9TBDc75mS,4JxBsbcNmDF7ON7n36mHX0,7JsCy8m3Ul21GU5ZeQX8jO,1MYhWOMpHxCYEgDzZKrRql,7iHjgKuSybtWWE8JPUA6tT,5MqLa8StTmi9jGQGkQWsvC,5dhhpPLYnsGmauDwWtdHX1
6W7XAzKUerlKPSztkOb7ld,6A7DMR9WkH0fcoygs6TteU,4TPBHR3RXlQyAkLFxecl3w,3RgR3cFZ6xh7MlB9DURK6e,5j1iBBibOcgGaapwex5dwF,3mwTRLp5DlC5co5U3RrEhF,28CpCaV6JelmlHeGDwN9uZ,0iTzJzy5qBL4NaEDyi1HMK,0P5hLrt6ogSK4yQe0oHy6z,7tpUxBG6DfwkJyW025GkpR,1ddRHVAcRvkQ83lP0tExfu
5Mw9bXG1dLNhbjofkVS2oR,36g5dboE5Mt2QstlRjwToQ,1jYxhWLYtoV0Drg1Lh58RD,09GKItLsZLhzxdz70rKhCt,0bBbCsh7KYOQ2Y1HmqXd4x,2DZ6kDXpL3RdLd6ST5y042,4zBEWFbOLb69m5FXjT26a9,6lOF261K1uiPZgKtureE90,6DNG5RS8j030FrF8lYBK7o,39Odj4vLKRarATkCA31gaW,30CP95FedFG1EqiyaFMiK7
4w7yrP4RAeeyhfG9nJqQvS,5P45f6HakSHDwdFj5dO5K5,5lnsCyEKWofnC00U4Ax0ti,0gpFiquPvir7e3RrM4kii9,6Kx3xYdwtO1qF9ZuUEj7JG,1xznGGDReH1oQq0xzbwXa3,4EcwMZC5srOdOVUTIkQWkW,1FcMWQ7VGTwefLi8WjAKR4,31EdJlJr0myVrjSzv8hKG0,1h6PzyMnUsWR5zyApOq6mv,0HRSsZiisdMuUrWhzb8ewK
0ew27xRdxSexrWbODuLfeE,0DQzFXzf7J3kzVTnegMjeE,5u1RJq6PK1sRtgMa3QTbx8,4LYVmQvqgrgleZvXttn6PB,5fSDXbY8o9pA3TKwAbfwML,0Cn4UhpHhgf88eWaS9nn5u,4CTjql34LKCJy5WOSgEhvA,4qM461TqtpnP4GLRIXwEnW,2usdNvZkBAYWsZqN3jyuZX,6ZWK3RKHbeJRy2O2c9GeSi,1ar4bEwRzmQrae3qoiJbgD
5lXcSvHRVjQJ3LB2rLKQog,55RMAQEtVbbQt58YXVPv1F,35Iy0Neh1ewQapV6n0td6X,0v1wsyUb3UplLdgcdTbUEd,7BVMXNnQSswMX8IJeZUb5T,03LDhOzdLgeI4tyUgp7aQ8,6Fj36toK6ky8HhyZdVTsce,1313r0LvNekpv60EuMPZox,2OHPX6jKsYvTzcWsuntXQW,4Lu3X7qatXyo9QmkHkzjTe,1G5cCZhEI67suiGvSWAiZz
57gS5wJqIH6sbtBIIiioNY,6Rn7iVlocSp7w3GSf106Qt,00ZROeHf7xvMw5q8wAYf9O,4Gnl12vioGd6lgIjeYcMCl,4J2x1GzpjQTYAlpNRDNNhy,6SiufeAINMyX2STnmkZd2R,69zeDbyVmHDSH4GKZD1fv5,4UFxT3SIb314tvoAv8WPTi,6h7sx7cT2IGYyWuLSP2ysw,0IXpUl1fn2QZcBavfuq0H4,43ofSByvbBSTOCmaOKwHiJ
0JmGVy7IzUM27My3UuEOOZ,25m19zhHrwmIofXBx2XQqk,3kQX7VBJDL0ffqcCn7YDQ1,1n0tppeA8MEOVtckhUMnmL,5ADxB7q9elLz77VKMeYWFt,16d8qrG2V6m2LfEsCcsawb,4Ibxu9kzAMZhvlIIf136ck,4NTWZqvfQTlOMitlVn6tew,4tk347oICCDJExiWHndadC,7eTFCwvsiTeMkno6MGJLyP,4v7W9NbD4GlaflnI5mTrhr
6uTE3vS1jdmDHT3QI7ZYrH,3TkNsftUBh8dwwLUHpmYNC,7fwXWKdDNI5IutOMc5OKYw,47ZPlSvKwRGdfostPzPMCl,01A7PEPSnmtixFPfB2UTal,3xXWwHvOIFKvYjSeAZa57l,4ISLRAqJbSgvkqRgiCaikS,6nIzjOlcMmk7ITm7FVbLA5,5R2BvQeR8DjNVisiI1Vlk0,1i7gTZ5ocuvClOTuVIT7qO,39RG7eWYrKtSIiFNN1LMZU
1KQ1zcWbnHN9jIECk2wJQ4,4Qtw0HNKSbIRT5sWUnbRXc,1kLyE3zCV3TfBmZqGSKqwo,6NiO9dtSHNodH2CmH7Lk7o,7lUA4P03AhwAw40JHkdyGr,6W5Yl1Q7OT5EjTLXNTv6ij,4Xy46vKRLab0hfzFlcI5fb,6J7cSyvSCnPwv3vqHchEfL,6yrVTqwC3RsF8efGsBQ4Fm,298ViRO3NtjSHsbG7pCKwW,4zAvSfsHEGIYN4rN19t3Gm
5tsI3xxDHDgzHhn30LTQNz,19XYvER2dUIQ8RuVWCYKiw,2uJM4lj80jthqB6pxNAwL6,0zor3Hre5d5bgHGpbZHNw4,6Jx7O0ux4lz6TKPIzQFIHs,6PeXpPSKtHIu3NFCdya3be,70Ftfkea8wtVbVFj7UPjVM,1d0OEkyy8Ph99V3qRHFOnK,6fwdbPMwP1zVStm8FybmkO,5JZsOsMrWF6udVCDnWQAI2,2AfRjbF91Nk4h41XNZNtFs
2Gy7qnDwt8Z3MNxqat4CsK,4meU26wATqPVl2nkxe0hT0,4n1ZGm3TxYmoYe1YR8cMus,7jeOETwLUP84mPQzxlD5nh,1HLCN534JKZNojcDgbYTVb,6Vhe8Hg51pzixWnsX4X86z,2F4FNcz68howQWD4zaGJSi,1JOGa30X4QGSAsxkyLvU8M,20IBpUvPQZLvhg3hhKXDP0,3BViJq8vintoW0yRw90PYi,4hlaDxMw1DkKKVSkuKVebK
0FBm7M8icvVmPWDmyUNCGy,79lAi6ZeFt9Wsn4GyD6IaZ,5NxHaRqaOVjWzkiRTa5lZD,4xuToNvDiZHnDQVujjK49s,6fjuSP6qO3qiprkkms5dUQ,5KTJJnSs2H1p5SaBXsG0Hb,4Hrr4U80Rk1tWXlP8RFTAb,1YP1DBYjdPpMx8MFCigPnC,0fPwregqch9wLJj4yQH6Bk,6RdL7rY9ZheM9jG4PbDEPl,4Oj45FDiIbWBqvEPSn4tix
1EaKU4dMbesXXd3BrLCtYG,3ifyEy9pIoaY1DbJ7o3LX0,5IUHhO76oeoiZmgBev8fPK,4Vj8hGoO3nXr8PUA0bKyT6,0mwXfPCm4AMaz9J0Cn7FXJ,4nh0td1DYne0vdfv3iKG9j,2KvHC9z14GSl4YpkNMX384,7jygXAqJJ2X4awaUdkprIs,4RfyFE2WJCCnozWRuaANyR,43Y5UfhksjiZF3a4S6XDPI,5qBd9KSnushrHw1KuaDgsL
6enPOmd3vSFpI4jjms8kXN,1AdlT7kyTurdLmuUkfhFoa,3nFcTxZfQmOTZwCSvFmjaD,0bG61MsnxRxRHc007PxA2o,0wyOnrfGOlDdWHdIybLr4n,2yzj7EUZ3tsQ4UpwpGRT0y,1rTMTobUIpsgQdpTFFgLok,3QEYmDt1FwOkFBFD74cEzZ,5ptf3mz90JNUaigA4KW7xL,4vrR9jmKcfylcXtprx6ls8,4toNCOvSAD6UmIcshU0tL3
5SqSckut3FcoQKmGkMWgp1,7cUyUvQsHfA4jlKyP1InPx,4HYSBUR88sZqBYuFEbHByM,16w8ZGVSjI4TlTLV8VimBY,5vsaArZIvrM8mCxIHUxsFd,1xM3z7vrZolWpb1iQgLkYc,0lkQfsTMmtDA37tjjew9n0,5GTziJvDhtcCR6kCr6Ir8r,5HhIm4Ygu2R5kZpSlu2YLf,1mjMXiWYKSJ5XmJCC0O9HJ,7Dmbp0DnxbFCS3IYwbvMXf
4S7YHmlWwfwArgd8LfSPud,2XrEvGSPzRyXeTSWSn85qz,7F02x6EKYIQV3VcTaTm7oN,5arSLsu32pb7Kr8oNPydH7,3mDOHVY9MWZOTODSNF5GBj,3SdNvvL8mFmzdLYYPNdLXa,6ZDJ04p3vZFPLUpggYlStx,0vhmDFxgZQGq2EG3SvDMKG,5zhlwe6XjtY9McolYbaQ5G,3GhsBdS9ulPK3KCdwHRPhG,7joFXu4NGOiicVibVMrHVA
2EEZdCeGp095urJDE3wEpS,1B5fbRxnB26duk77yCBWvS,6mAeGdW84GeUmhRLrvUSN3,4dStmzkbjB3X6cAnNxPXti,232HDN1OQ12Pdw4qb9wzKu,5ikrWmOGtjlqx5c7aoUqME,4JD8HLY8QO7y6mklgnut40,3tlXDvaNrrOmdvG0XVUOcv,281ioxkZbJ3p9hCvjD2bon,5hoNCkUzeYEprcVWtatPam,2mFnxVS2wZpqntPzZB17O1
4X5f3vT8MRuXF68pfjNte5,3WgrdJRl3SUVdQAk4lvsQe,0jSMveIWvnhDIvzqN74Uc7,13QMUA813rB5QdsePrPRoo,08r2mjlfwa0tjB6ReaDk9Z,1zIXpzuCC7FM4kECt2eEzu,3jagJCUbdqhDSPuxP8cAqF,690ZngTx2hFtAZPodpcgKZ,0hOqaEo8HkkcAeYRkYWL4R,1qRjkKfIp2di9K0dcyISmR,2LZPylzAeqIOpTBeuU5p1A
0vmNj3sWaIYCUY9qe7BJQn,6Wr8FYb6H3fK2xsjIGG8Ag,72hpTHMLFrO4ErhSQl2FhZ,68dlSBYa5sLmwjscN4nfhv,0z7QtUDEnzmSPG8I6t9Jxg,2mVVGTqUoL9SiNniii5i0f,6Q1FAaSdIFoTlkacsgGfAM,1iir1dMidSGRzbPMCCEtfX,7a5CgCG59F1gE3lMqKu84q,5aHUTTVDdaGpix3tTdT7m4,1rHox4L4wwWgnIpcziyP2F
3f7gYMirBEKuc57218BjOY,32FX4D4eT8LFP07QvlhSn8,5wxX0yGMGjrSq2bhxFZ8ej,18Lz4VF1dLAzXYAEW4Fmey,3gbCpMB5cfxfkqgQbjFQFw,3smnPaihnc1DSyhVVBXqnn,4TA2nSix6i8K2VV9wt6rUn,4t6HLZizcQiD8IvKUQU8il,5ycQatSgvV36zWAG5EqyWn,6nPK5cF8AVy68xGWvmh4RC,10qTSsvfdgjwI337XtsqBV
4GVD0FIBo08FSAy3tbIY7g,6vx7gboeybkKFcfiJYInGs,1uc6JBkWKobRxvcQY3fed6,5ojIBrEAUKWkI5BSoWGGFu,1VutaeibhUP4AG18FoI3Rk,4mS5Q0hghTKs38Kwl2VnIK,120E20xKsEyAguJtglZZXh,0UQDSP8cz6WmLJckO5jqUQ,2S9Hmv3pv86ScVA8XnFmOW,0fAovlq1I5qZRkMAYWza0F,7weg38x9Nfz304xOasEbBl
6a5BxABPsPeEX60saeYMto,5N9lNb9DqBw8q5SCnBiy2Z,32vbyo69yJq5WXyvHCF0Yp,2KkJj006V93x8d9dXpgmIg,0R3OnUm6RgIpRFcckCoi0x,6SjiIUxQw3QHhxC4jVdDic,0DvhfhHlIE4HqgBX8yDJz3,3QyPsavxL681NX7SPVGd5T,4gUicC7RJcYlzDu5JOQoGn,6DwnAl6l63e83dDgIzY8P4,2BqVMDn09CDUcLJ3WMfnTJ
0cITLOYn1Sv4q27zZPqlNK,4auE2w8sP6HYrA3Dcokmdl,5pegAE14CF6XFgDOlZpdi5,2NqHZYzBWUHbbpDDgdGWJL,274y8FPDAx1ytaIGoSSfbt,068LmtzI6xJJDPfPnMje0U,4ggbSF8UUSSO0wM5SockJ2,4Pm6d1HchNq8x2Q67OkP8L,2ZJoLQwxY0ryySsSWeKx8X,2cViIXIe8Pbd1sOJExMJlK,3PPUUvUIIn0ohEk0F2G7MO
0QH6EfMThSv5jfFnlSJmcc,7j2Y1jgU5ebtNnG26e607k,5wVz7q5Tnc4W1aCcBjVN8B,7CEV9VwA8XO9wwxTXgYKvY,0kV5W6l5r6pgLNKCNSR6C3,78O8CIzX5ZMuJh39fQOR3i,6oF8ueLn5hIl4PRp17sxW6,0sICXtnpKm2Fnse6MAS8nH,6F2fBbJN8jsxbARj9xvbKe,0W2iY73jd0CsS8CU1mH4nu,1ewuc6RHlQKZxyCrz6ovVS
1uXbwHHfgsXcUKfSZw5ZJ0,6IqbQelrOB6nTORNj4q2Ma,25FVL8t40st88Hjqs4RCSO,7zUJX5CRZVtE1r79tuWzcU,2UycsaPg3w3mz8k3RMxTMa,1UGPKkmY2tANnBSm317pB7,726qZxwhP0jVyIA0ujnnhb,17tDv8WA8IhqE8qzuQn707,3cy7WNPpNkR2magvTxyXJn,1qcJhUPxUOUx7sScxtj6RL,0vkacvHcfH88PTwqphrsh4
1xznGGDReH1oQq0xzbwXa3,31EdJlJr0myVrjSzv8hKG0,4w7yrP4RAeeyhfG9nJqQvS,1FcMWQ7VGTwefLi8WjAKR4,1tjDRdlmAdvsn3n9hTLzNX,5z98K1zi0OqrRYrLhNJrzu,5R08q0FbWLLQ5Bec8lQ3am,5RPKeyeJ37SJdJjfIeNapm,5lnsCyEKWofnC00U4Ax0ti,2I0Q1wxFRdnDYtG6Q8W47S,0gpFiquPvir7e3RrM4kii9
6y6jbcPG4Yn3Du4moXaenr,4XudCa7ZGffGtHPv05iYzq,13JI4BbIZVVYDQQaodCZPo,4UnsmNNPz51RxrW0rjz6Bq,3husjxyCMBvNeiTEcrpPSe,1vcCVF6p70St80HVDbUYDO,2BtOjHdK3KfuxsLsFH3QYM,1tAx6KsKCG7q5wFa0CYaPz,3Gq1Ib3ycJQfzg0U76Fk3P,6SjUDhQsGP1Ynz4aYGxckR,6PV2t3fdgUGuo0H0aVW6J8
6f9gbZYbAqHq2rK1ZjZruf,1eYyfFDQJGRhQ55jlbtqrG,3LRPLVTLkXKc7A1j5Gj6Q4,6lsFGDo1IEEPFKh94c9kFe,2v738AcSrqklWKhBpV5alf,4EPIEMi2tgSTFx31UHvpXq,0UmV17gerlXy4V3wuOUWPo,4tEuk6OtQwrDeEJwvZZt91,12Lemsk6c6ohm9afZxYUBz,6MxOcNDeAHd89qFg6PD0nA,3xFqnmy3DltBMTOQVL2xvS
1mqlc0vEP9mU1kZgTi6LIQ,1I6RszJaDN0xmtn4NBXtIP,0n2SEXB2qoRQg171q7XqeW,0bcPH5LZnV6dXNTos1JUUP,4VLbjaJhgcm5aq1gqP4HNn,6wdviVWctiZnY6tVn6bh6A,3P6dbrX6Eoj8Lvj7XjRh2b,6R6vyiFfceLP1sM9UwWojK,4rmYEKI0eEofZz3LlH3DI0,4T9g3hUTrsvaVi8fD2IYhA,5ISbI7uonHP3Qx6OloertA
68oQulR4Fh2Rqd4s1mXcGh,1NCWRp5U1xy7zoMbrYPeWa,7JVfDagtyWy9bYsaf37H9K,26aH2Io0AU0LWgB12Pcvmo,06SOoltFkGrHbqD1zUvFA9,1KdCEW5HoJGQ8SU7FKyw4c,6wnB42A3F8pZmoexmQI33E,5Mu3n2L96MX1lU2EHqnD7p,4PiC52Bz9GiQucp4SVjWsx,78LgT9MzD5xsg2snjrcBKm,5jQQDwJosT89Wy5vOLCafm
2bJvI42r8EF3wxjOuDav4r,5vtQOcVlNyqLsqNKkUAP1i,75a5fcQSduYyC93gXtgGhk,1g1RmSl6D0I6m6MEtDvxYn,0SuzUhWAgStNIMZR4jEGgk,3IvcWWehbBcBR4YZxlGM9R,6QPvUWwGDibdhTdo4dJVr7,6qnaCx4wQQBqFd9XdQyWjC,0yTJtxZJ5VLfBEHhiNUNeY,0A5tFn1zYIj8dhqBP1iZLr,6rbrSTxckmX4nTYpOAQR41
64ye5XBlrYjYOgDBkrfdXg,1KrpXYLMCJ8GaDSz61FQNU,4xoO44RkJ5pT6iCooJ1ktj,2Dj6ZPP38xQnVKDmFhvHkA,7a9YX0VLGF0E35rnsQD4sx,6yERZtC8li2SZWh2SkTl7W,17oRGeekzqyhSqXWoCjVNp,5P0QUzxnExXOnLVoansY0z,2OBvgweV3VjCDzx5AJQ0tY,09P8GckWqfjjmolRYhjJHH,69BOpLWz80nPwQPxYIdJwa
4dDD9wDgw7qlPRQy4CwJ90,0fJcqEhiZ5aDsszY6pbA9E,0DpAFmIgLjhRO25HipoH3D,3KeKcTEO8WTd7J4rfJV3wc,4njjt1L39D5sJTuITzPeZv,6ypsLTBFi0yiy23wy4hMFG,7ujRXncNMYdJac0pTpAm0f,6EqRcAkUVGupgG6YBqsQ6E,4MrfQL4TYQXJBlZYpAHTuE,3ESjXFvI5GUNFoCCg30u5s,2B4EW0jqZzE3Q8DcmacqA3
1x5sYLZiu9r5E43kMlt9f8,0cyyGCZJg4ZdSwwbUomn0g,0NFCFdJxEGCGO6EGkFCGgF,39yHBQsOtFmgW8xWyXvhM0,2pnj2V2X92a0jvJB2lxfaR,4jwvDUjhfE5PBLq6e4m9i4,2rWisQk9hxSap9ZtTx45sv,0SjaL4cjD4PXOY4orbZSMZ,449TKY3KrO135SN8hyT2kp,5NB5uPFcHGmwfluq9Sqn3j,5edBgVtRD0fvWk140Sl21T
5f9rMt6aQFdugYJGpIm8TD,23N8i7mAfbKfOWi0xD7v0f,7IByJvSqRFltGyiiIiL4wn,72Gphjxas8aJsqpRqO6xY5,7oL03aNOkQJ73EmRNETiCX,1v0XraX2tSRKeILY8ubJ5e,6J9tgHIE8qdy5ulg3c9SwG,2zYFfLULhSgZWCCRVZ5csm,60OGyqDpvWUFtoj2mRj4aI,5aajOwnbxqJf5MKArXo5kY,6OXtVLZ8wcpSGRR93uHEsm
359krpyCKcFF8SFvqWES9L,6gNfaR0BPyqGkx5WPvy8bG,2otX2IpodnMNHVvnJcHtKp,4PIf3nZnlNdfjyx6zrPbeO,3S0OXQeoh0w6AY8WQVckRW,0oulhgKMk5RUADidNicdky,0h8O3dQ80jGtCQ8K2DIbzn,6J9tgHIE8qdy5ulg3c9SwG,7IByJvSqRFltGyiiIiL4wn,4Fulp17ZRHFbRDiUKmQInD,6sWFexZNSpNy4B52TDcxaB
2uidg6vZUJp9xfNQx342ax,5zh5frDVs3s4VQiCx0G7K8,4BllTeaRSd5OXUceYXwVV4,2tuWxZctCHB4ETgPE8rb34,43WlgaAVgsQ7xxhyilpMF4,0irAUiNYTLKSGVu2rW9v9y,2OxEdEiTtOLaFAKQjLG1sM,6ae29ZzSPYq61ARnOn3CGh,0jfAMecrHff9kIFGcV3Gpb,6NRbf3JfdWOR6H4H2A3Sfc,0qrst0xZAZ0NtMtuUcEq0f
3TMUdD9vE4DoqDYi7VXStt,0pewXsQBgs6tdnx0VP4lwI,1DhACRhUGZW1z8oahJ1hjp,4xvY0Nye1sGkNeuN1dcXdG,0LfvPim0ZJaB4auf70VzUz,5HAqjcV4ewRXSG6MoA9i5v,2MkBPHy4Lg5y8UV5PNqWxb,49dkceqacas4U5ugqyFtTO,6PTXMlVXrfsZ3GoBpmsYab,3hGsWhlITxrVJ6pXOUHw3F,5SoEW6ft6IFypXXA7nt3z4
1eQBEelI2NCy7AUTerX0KS,6EaJ6rsAqrcfsEhKzrtK9i,4PvNRREAWalqbsnn7HEUeV,2s8zLWtT82WJm1pi34v74i,6I1U8JZPFQc1vBgIFri4YW,0toyRZZHpnmn28FL584vUs,4ssYFLPnbxVrnJwUuEnujW,40IQooNkPRVtn4zlE3ZFpA,1wMdRZT8YiWbRWhWhIEgN5,6XteUMKfqy7i9o86xO56x4,1i7fyqOdZ6a96Jlahqaa9J
5q5sslUbQAH4F3SOj272Wr,7F6oEeRgjOoesYz8qOov7p,5vtQOcVlNyqLsqNKkUAP1i,3G1lmq2hDoJZlemVcJNFK0,1A7BgPPyZSNzn1UJqNf66g,4iozhXt27eMl39W5z7R8H6,75a5fcQSduYyC93gXtgGhk,2bJvI42r8EF3wxjOuDav4r,4BRmYIPSzIMyFH00b9ebp2,6QPvUWwGDibdhTdo4dJVr7,1FZRgp7rt6tpTXSlfWjQR8
0sFvItEeMstcUyZCleYgyj,4lm7F6aCIxHLl5oZT4OfCC,3U0xbYGTtYZAUv3lEwPebJ,1uez5UbtouzPsVEQusJU2Q,0z95CqBxQnSQhNnoWTZJKL,2JDQKzo515HUK4PGl6kmtT,6xz04ypw5JsqiyityCASG1,6QHt2q6BojNZreWfy0g9OK,2FVidZQsdFMtcZqCxRusHs,7IeHIGriFrJaTeaC4W0a8W,49fT6owWuknekShh9utsjv
